{
  "mean": [
    95.14013900000002,
    11.683924999999999,
    72.376691,
    122.80385100000004,
    50.42716899999999,
    -0.008809999999999998,
    0.790463,
    78.086983,
    102.79579399999999,
    47.468154000000006,
    644.8475259999999,
    0.12232099999999999,
    1449.4028309999997,
    3801.9070200000006,
    0.6129789999999999,
    5251.309853,
    83.55458999999999,
    52.529706000000004,
    10.719201,
    3.658295,
    -1.769938,
    7.151907,
    4.321721,
    2.3846339999999997,
    3.713746,
    9.581904999999999,
    0.18343200000000004,
    14.501068000000005,
    21.7,
    22.121932
  ],
  "std": [
    8.09454504140776,
    2.727936421926838,
    4.291137448511641,
    9.737894775910187,
    6.902688792285147,
    0.20653892974449153,
    0.10131394736658916,
    13.047091407957982,
    25.812883860172693,
    12.628550727153295,
    52.3828479997482,
    0.024794561076978153,
    1048.608014181288,
    3215.669371523012,
    0.5881744787552415,
    3554.118403897415,
    5.13326780584259,
    5.395140941232585,
    2.4149253497155976,
    2.240016492991737,
    1.0744315215759448,
    2.784534251261959,
    6.137924575445595,
    3.015929531909524,
    5.0877814916409285,
    0.12219884236358378,
    0.22937164553623451,
    4.8267904834968745,
    10.628734637763802,
    10.883125103304474
  ],
  "feature_names": [
    "mean_hr_bpm",
    "hr_std_bpm",
    "hr_min_bpm",
    "hr_max_bpm",
    "hr_range_bpm",
    "hr_slope_bpm_per_s",
    "nn_quality_ratio",
    "sdnn_ms",
    "rmssd_ms",
    "pnn50_pct",
    "mean_nn_ms",
    "cv_nn",
    "lf_power_ms2",
    "hf_power_ms2",
    "lf_hf_ratio",
    "total_power_ms2",
    "spo2_mean_pct",
    "spo2_min_pct",
    "spo2_std_pct",
    "accel_x_mean",
    "accel_y_mean",
    "accel_z_mean",
    "accel_x_var",
    "accel_y_var",
    "accel_z_var",
    "accel_mag_mean",
    "accel_mag_var",
    "accel_peak",
    "total_steps",
    "cadence_spm"
  ]
}