{
  "mean": [
    117.16942492674761,
    17.442248995395563,
    85.7878164713269,
    144.533116638761,
    58.745304311427375,
    0.009269467361476219,
    0.5608850983675178,
    86.5250857262453,
    119.21494449560485,
    51.21660288823776,
    548.2547759941398,
    0.15648995395562998,
    1965.9452942235246,
    5169.427003871913,
    0.5248161573880286,
    7133.006131435748,
    82.53676130179991,
    59.37203252406865,
    6.461521452490581,
    -2.5787969736638643,
    -7.498843508561206,
    1.9793188568515596,
    48.2456510923361,
    95.52672130463924,
    22.54494117714462,
    13.502529531184596,
    68.0037412934282,
    49.47087873587276,
    118.74155705316032,
    120.65822289660944
  ],
  "std": [
    23.9624793987395,
    4.602333743721069,
    14.665926071140955,
    18.982628719106863,
    8.47753676889187,
    0.49878117511813064,
    0.1735477665629489,
    28.07669776266835,
    39.54556903596423,
    18.61050276599057,
    113.23653110890416,
    0.04061609867137582,
    1880.2131409365113,
    4419.13241984075,
    0.5660972391634668,
    5477.666090636376,
    4.147175605236487,
    9.99463486780556,
    2.56066940786533,
    3.1997377448954945,
    3.041568261949337,
    2.8680822464355766,
    41.00561305820232,
    90.19439315079771,
    17.448458083647598,
    3.251282170821156,
    64.73599838034329,
    19.770074323061728,
    23.48248801120363,
    24.887569683978715
  ],
  "feature_names": [
    "mean_hr_bpm",
    "hr_std_bpm",
    "hr_min_bpm",
    "hr_max_bpm",
    "hr_range_bpm",
    "hr_slope_bpm_per_s",
    "nn_quality_ratio",
    "sdnn_ms",
    "rmssd_ms",
    "pnn50_pct",
    "mean_nn_ms",
    "cv_nn",
    "lf_power_ms2",
    "hf_power_ms2",
    "lf_hf_ratio",
    "total_power_ms2",
    "spo2_mean_pct",
    "spo2_min_pct",
    "spo2_std_pct",
    "accel_x_mean",
    "accel_y_mean",
    "accel_z_mean",
    "accel_x_var",
    "accel_y_var",
    "accel_z_var",
    "accel_mag_mean",
    "accel_mag_var",
    "accel_peak",
    "total_steps",
    "cadence_spm"
  ],
  "num_classes": 2,
  "fatigue_thresholds": {
    "mild_max": 0.25,
    "moderate_max": 0.5,
    "high_max": 0.75
  },
  "fatigue_level_names": [
    "Mild",
    "Moderate",
    "High",
    "Critical"
  ]
}