{
  "mean": [
    95.03688461538461,
    11.7228875,
    72.34334711538462,
    122.79586250000001,
    50.45252403846154,
    -0.01641153846153846,
    0.7902201923076924,
    78.41947307692308,
    102.44045865384616,
    47.18591923076924,
    645.5007538461539,
    0.12265673076923077,
    1444.3811115384613,
    3850.051664423078,
    0.5997115384615385,
    5294.4327778846155,
    83.70213942307691,
    52.93294423076923,
    10.591301923076923,
    3.5305769230769233,
    -1.8665471153846154,
    7.118375961538462,
    4.545185576923077,
    2.8542346153846148,
    3.9266798076923073,
    9.584926923076923,
    0.20392884615384613,
    14.67511826923077,
    22.509615384615383,
    22.96040480769231
  ],
  "std": [
    7.986663351184143,
    2.687473139496807,
    4.237591665878444,
    9.583723845909343,
    6.790119945531935,
    0.21183468986075527,
    0.0996621498438674,
    12.934135154491768,
    25.593467350420507,
    12.50704956215522,
    51.75151297235541,
    0.024385047295829104,
    1030.631173455969,
    3164.3105231049126,
    0.5808170484008003,
    3493.3416491472344,
    5.106471176537786,
    5.851891056412498,
    2.477346087316517,
    2.288291889590892,
    1.1789169069333163,
    2.7417375567503224,
    6.172423366574451,
    4.295625810272433,
    5.1730036445581105,
    0.12137376651577082,
    0.2594641696299232,
    4.892446056260225,
    11.796344929605308,
    12.15467884629666
  ],
  "feature_names": [
    "mean_hr_bpm",
    "hr_std_bpm",
    "hr_min_bpm",
    "hr_max_bpm",
    "hr_range_bpm",
    "hr_slope_bpm_per_s",
    "nn_quality_ratio",
    "sdnn_ms",
    "rmssd_ms",
    "pnn50_pct",
    "mean_nn_ms",
    "cv_nn",
    "lf_power_ms2",
    "hf_power_ms2",
    "lf_hf_ratio",
    "total_power_ms2",
    "spo2_mean_pct",
    "spo2_min_pct",
    "spo2_std_pct",
    "accel_x_mean",
    "accel_y_mean",
    "accel_z_mean",
    "accel_x_var",
    "accel_y_var",
    "accel_z_var",
    "accel_mag_mean",
    "accel_mag_var",
    "accel_peak",
    "total_steps",
    "cadence_spm"
  ]
}