{
  "user_id": "rrFAWC3cSyWNOzFjFtQAmAD6qHh1",
  "mean": [
    105.23336274509803,
    18.420911111111113,
    78.36673986928105,
    136.12209803921567,
    57.755375163398696,
    -0.05206797385620915,
    0.5012143790849674,
    102.30156013071895,
    136.1419928104575,
    59.45723529411764,
    599.23597124183,
    0.17225882352941177,
    2635.032974509804,
    6355.118303267975,
    0.5209764705882353,
    8990.151273202615,
    75.73096601307189,
    51.03850784313725,
    10.151371241830065,
    -4.747549673202614,
    -5.586529411764706,
    3.3368830065359476,
    56.027833333333334,
    88.43662352941178,
    36.75045424836601,
    13.307871241830064,
    77.0656954248366,
    62.97320457516341,
    116.10457516339869,
    117.99942418300655
  ],
  "std": [
    15.368725992546409,
    4.007433813569225,
    7.528810651789692,
    12.893317012411707,
    6.398188289192364,
    0.5806200368091518,
    0.1095365575518089,
    16.947379049004383,
    25.399472787779235,
    10.897850787349288,
    76.56752430585226,
    0.029476541086649065,
    1985.5428287056952,
    4052.592304537376,
    0.48568657807901733,
    5110.579632047998,
    4.8621650097308935,
    2.6659005569254846,
    2.5277323337208144,
    2.306086641149205,
    2.7028300005754646,
    1.2571140364446876,
    33.00109104918504,
    64.05471881045537,
    23.553732777690975,
    2.47725206262652,
    59.436835354894875,
    17.749065299054756,
    17.175055402748715,
    18.851772959983755
  ]
}