{
  "user_id": "0PYtcwWGWBffuyFwU0tNAoHvi4q2",
  "mean": [
    96.47141363636364,
    16.342156493506494,
    72.98709642857142,
    127.11774383116884,
    54.13065292207792,
    0.005795864104877139,
    0.5319350649350649,
    105.05234448051948,
    143.13236168831168,
    64.73948181818182,
    644.5893935064935,
    0.16368214285714286,
    2932.978286038961,
    7792.482073701298,
    0.4782467532467533,
    10711.99077564935,
    80.52622077922078,
    58.56430974025976,
    6.85841525974026,
    -5.890666828750959,
    -6.184993831270593,
    1.191767708089109,
    55.07922807730164,
    48.585409820174704,
    19.58202293317692,
    13.38549805194805,
    29.680959090909095,
    41.91075064935065,
    102.75812435064935,
    104.53673733766233
  ],
  "std": [
    8.5090546147784,
    2.8094575985023353,
    4.966176866318012,
    9.058414925740458,
    5.342758805905042,
    0.34454179585467737,
    0.09830463586620923,
    13.933800973576298,
    17.898260412040983,
    8.470214710709143,
    54.84675264428159,
    0.022255615939863554,
    2101.345089883387,
    4585.936502132548,
    0.4271404664438551,
    5586.796360898303,
    2.674569891545747,
    7.323859594457059,
    1.5140011045800918,
    2.6017216974945896,
    2.1218400621173306,
    2.1874779097468777,
    25.181999202164633,
    34.06583053477442,
    8.796997476076708,
    2.2007630176966213,
    19.904250083560314,
    17.582349375528544,
    20.182788166174497,
    21.48051323852067
  ],
  "feature_names": [
    "mean_hr_bpm",
    "hr_std_bpm",
    "hr_min_bpm",
    "hr_max_bpm",
    "hr_range_bpm",
    "hr_slope_bpm_per_s",
    "nn_quality_ratio",
    "sdnn_ms",
    "rmssd_ms",
    "pnn50_pct",
    "mean_nn_ms",
    "cv_nn",
    "lf_power_ms2",
    "hf_power_ms2",
    "lf_hf_ratio",
    "total_power_ms2",
    "spo2_mean_pct",
    "spo2_min_pct",
    "spo2_std_pct",
    "accel_x_mean",
    "accel_y_mean",
    "accel_z_mean",
    "accel_x_var",
    "accel_y_var",
    "accel_z_var",
    "accel_mag_mean",
    "accel_mag_var",
    "accel_peak",
    "total_steps",
    "cadence_spm"
  ],
  "num_classes": 2,
  "fatigue_thresholds": {
    "mild_max": 0.25,
    "moderate_max": 0.5,
    "high_max": 0.75
  },
  "fatigue_level_names": [
    "Mild",
    "Moderate",
    "High",
    "Critical"
  ]
}