{
  "user_id": "oIrIvY9oZBW0ReTkEPBI5AE5kNC2",
  "feature_names": [
    "mean_hr_bpm",
    "hr_std_bpm",
    "hr_min_bpm",
    "hr_max_bpm",
    "hr_range_bpm",
    "hr_slope_bpm_per_s",
    "nn_quality_ratio",
    "sdnn_ms",
    "rmssd_ms",
    "pnn50_pct",
    "mean_nn_ms",
    "cv_nn",
    "lf_power_ms2",
    "hf_power_ms2",
    "lf_hf_ratio",
    "total_power_ms2",
    "spo2_mean_pct",
    "spo2_min_pct",
    "spo2_std_pct",
    "accel_x_mean",
    "accel_y_mean",
    "accel_z_mean",
    "accel_x_var",
    "accel_y_var",
    "accel_z_var",
    "accel_mag_mean",
    "accel_mag_var",
    "accel_peak",
    "total_steps",
    "cadence_spm"
  ],
  "mean": [
    130.97056315789473,
    17.128606030701757,
    93.9587793859649,
    154.3957577850877,
    60.436979824561405,
    0.03228049565224175,
    0.555971600877193,
    72.00930679824562,
    99.58451557017543,
    41.75854144736842,
    489.1483876096491,
    0.1448628289473684,
    1380.6688062499998,
    3612.5009486842105,
    0.4918019736842105,
    4993.923460416668,
    83.36428892543859,
    56.348358223684215,
    7.4312955043859645,
    0.13377498938307386,
    -10.289172668707772,
    -0.04022395168052353,
    71.2727778679696,
    189.10034874942497,
    18.967030343661147,
    16.303417105263158,
    123.82488574561403,
    57.62797543859649,
    127.67642521929824,
    129.56144067982456
  ],
  "std": [
    25.19352417005686,
    5.087577739767359,
    15.161453403948494,
    17.88910479925575,
    9.254707943139895,
    0.5774263158102313,
    0.21524901281041509,
    28.149888541155388,
    38.913371332345825,
    20.68026372492182,
    110.99143899457003,
    0.04400971396336731,
    1471.3061722696943,
    3224.4391214502375,
    0.5185174129996252,
    4135.427881690311,
    4.414170533059657,
    9.451722107105894,
    2.2213659270145656,
    1.9206589795007358,
    2.792949646705355,
    2.3833725121145855,
    47.347567709552244,
    89.55208284973195,
    11.685432978506618,
    3.5766624511653085,
    57.86314260194877,
    16.07835297320381,
    22.659497265909277,
    24.01220421621715
  ],
  "num_classes": 2,
  "fatigue_thresholds": {
    "mild_max": 0.25,
    "moderate_max": 0.5,
    "high_max": 0.75
  },
  "fatigue_level_names": [
    "Mild",
    "Moderate",
    "High",
    "Critical"
  ]
}