{
  "user_id": "LnM3I4gYsfZ4mMFUZPl7vZzqQ7p1",
  "mean": [
    107.10042142857142,
    17.46059285714286,
    80.66924415584415,
    138.46878311688312,
    57.79954935064935,
    0.04846818181818182,
    0.5568259740259739,
    92.6779668831169,
    118.71339285714285,
    42.409533766233764,
    603.3965415584415,
    0.15734545454545457,
    2259.868633766234,
    5552.656063636364,
    0.5428493506493506,
    7812.5246987013,
    82.49388961038962,
    57.72165584415585,
    6.649444155844156,
    -2.9476383116883116,
    -5.772484415584416,
    5.640021428571429,
    85.98339155844155,
    62.70498571428572,
    39.652833116883116,
    12.906290909090908,
    100.0890512987013,
    56.02449805194806,
    122.31168831168831,
    124.53583636363635
  ],
  "std": [
    23.625025785311195,
    5.4025971321293085,
    10.059842889951998,
    17.361410892494497,
    8.985196943560977,
    0.5852972891743785,
    0.1444311950534605,
    28.17764027807149,
    36.98617312224725,
    15.351752609964805,
    123.87139341016788,
    0.047194162486957396,
    2609.8934873740504,
    4910.755031569505,
    0.6752409183574805,
    6481.372331642409,
    3.550132516223754,
    7.932162414122916,
    2.049445127851984,
    1.5047840530320247,
    2.0024613782980456,
    0.6586751440960159,
    37.69830459519806,
    26.51881405946192,
    16.575766537531845,
    1.4859117649759621,
    44.57332872210972,
    12.675417995159341,
    25.27138916119604,
    26.865953238247787
  ]
}