{
  "user_id": "50r5pP32jcYs5kzA5zQEWjCEP7l2",
  "mean": [
    113.65405064935065,
    19.556582467532465,
    83.9283064935065,
    144.79025422077922,
    60.861955844155844,
    0.006761778322555433,
    0.41739642857142856,
    94.30786136363636,
    129.604112012987,
    53.204620779220775,
    555.8882425324675,
    0.1717435064935065,
    2415.612487987013,
    4824.324452272727,
    0.7213438311688312,
    7244.57548603896,
    85.04673246753245,
    62.22891168831168,
    5.451171103896105,
    -4.984397397400747,
    -6.226629387159372,
    4.15859448234386,
    9.916453805997797,
    13.749283070495183,
    5.600313307864391,
    10.278300974025974,
    8.722620779220781,
    34.33568668831169,
    108.20453993506496,
    110.19536948051947
  ],
  "std": [
    17.15852742005669,
    4.6873864007171075,
    6.822910238470865,
    12.698572393312427,
    7.336711005864259,
    0.7112533433470682,
    0.12594803254846546,
    18.602260393133125,
    30.830115678362073,
    13.230464176427223,
    75.11458499090108,
    0.03598990736109705,
    1973.8213765986918,
    3220.8094010120367,
    0.9524470012836166,
    4079.674946599274,
    3.895114518261874,
    10.200541618332378,
    1.7478992046231263,
    1.4498925030754666,
    1.1489647669013865,
    1.0466897980473655,
    8.054091775174475,
    14.287417823031394,
    2.8690706749700174,
    0.5140927648544323,
    11.176341326890148,
    12.9907101183054,
    17.40179672316473,
    19.1889782412989
  ]
}