{
  "user_id": "3bOqVHlWTih2qXxHCAhgX7hvfHV2",
  "feature_names": [
    "mean_hr_bpm",
    "hr_std_bpm",
    "hr_min_bpm",
    "hr_max_bpm",
    "hr_range_bpm",
    "hr_slope_bpm_per_s",
    "nn_quality_ratio",
    "sdnn_ms",
    "rmssd_ms",
    "pnn50_pct",
    "mean_nn_ms",
    "cv_nn",
    "lf_power_ms2",
    "hf_power_ms2",
    "lf_hf_ratio",
    "total_power_ms2",
    "spo2_mean_pct",
    "spo2_min_pct",
    "spo2_std_pct",
    "accel_x_mean",
    "accel_y_mean",
    "accel_z_mean",
    "accel_x_var",
    "accel_y_var",
    "accel_z_var",
    "accel_mag_mean",
    "accel_mag_var",
    "accel_peak",
    "total_steps",
    "cadence_spm"
  ],
  "mean": [
    134.69411275167786,
    19.348956040268458,
    96.73980906040269,
    159.05842651006714,
    62.3186167785235,
    0.02788919028520402,
    0.599743288590604,
    75.54414060402685,
    101.50804060402685,
    42.11426677852349,
    465.5496077181208,
    0.15847818791946308,
    1657.3674503355705,
    3325.5257926174495,
    0.6584060402684563,
    4978.668911409395,
    82.8264610738255,
    63.77662953020135,
    4.652932214765101,
    -2.6777910894488897,
    -6.513801348438626,
    0.4718906808233342,
    63.73533186585762,
    90.71573925542071,
    47.17802285309789,
    14.009665771812081,
    71.505822147651,
    58.91716208053692,
    124.60172617449665,
    126.50116644295302
  ],
  "std": [
    17.138333736555083,
    4.883320513801773,
    11.775074979807377,
    9.869304086126409,
    8.405162865155297,
    0.4701768050645185,
    0.16012962839898992,
    28.21094736893489,
    40.2172802206544,
    17.24780632829752,
    67.22815732930809,
    0.04584082938088165,
    1502.7996674359222,
    2940.8051979024976,
    0.552786868916707,
    3880.9745152136734,
    2.1670587242443804,
    9.538408658360842,
    1.3673427535210416,
    1.855163596545217,
    2.4856036296066093,
    4.444250651421944,
    37.66967668301572,
    79.26264593268036,
    24.956288278827962,
    3.583357146424067,
    58.74150464487443,
    19.27582006820681,
    24.447642420978205,
    25.900745236627834
  ],
  "num_classes": 2,
  "fatigue_thresholds": {
    "mild_max": 0.25,
    "moderate_max": 0.5,
    "high_max": 0.75
  },
  "fatigue_level_names": [
    "Mild",
    "Moderate",
    "High",
    "Critical"
  ]
}