{
  "user_id": "Gy4tvugyvzgSIJXzTgeIi6aS9IL2",
  "mean": [
    135.64810805369126,
    17.72332919463087,
    94.71432986577182,
    157.697155704698,
    62.98283020134228,
    -0.007411486599815992,
    0.5848906040268457,
    70.11950704697988,
    95.22122617449665,
    33.98250234899329,
    471.34740167785236,
    0.14876744966442954,
    1394.708160738255,
    3459.751165100671,
    0.5631151006711409,
    4858.067903020134,
    81.70776073825503,
    52.35641510067114,
    9.565040604026844,
    -3.78777154153782,
    -7.794514449447988,
    3.874354120148039,
    88.17075297553707,
    151.15944892230263,
    29.487988882164178,
    15.019169798657721,
    132.31284664429532,
    60.43878456375839,
    128.7408288590604,
    130.84365067114095
  ],
  "std": [
    24.551952466910894,
    5.059739414535766,
    12.614618203540203,
    15.727925190865047,
    8.654514777222062,
    0.48100742446092176,
    0.15854214177020826,
    26.26681792661322,
    40.50636809901797,
    16.386421249215445,
    105.10509038599966,
    0.045313627232421765,
    1741.143827806781,
    3267.3938867150828,
    0.9454370440357502,
    4147.13799449163,
    6.721112852168108,
    5.9289727897178714,
    2.4677113985715398,
    1.9201036083791612,
    1.630802487999632,
    1.5909596056892725,
    55.80512058299012,
    91.99513681664902,
    13.758991156140974,
    3.1672226657526,
    79.22431775334786,
    17.543525332449537,
    17.1732320239717,
    19.0934913001352
  ],
  "feature_names": [
    "mean_hr_bpm",
    "hr_std_bpm",
    "hr_min_bpm",
    "hr_max_bpm",
    "hr_range_bpm",
    "hr_slope_bpm_per_s",
    "nn_quality_ratio",
    "sdnn_ms",
    "rmssd_ms",
    "pnn50_pct",
    "mean_nn_ms",
    "cv_nn",
    "lf_power_ms2",
    "hf_power_ms2",
    "lf_hf_ratio",
    "total_power_ms2",
    "spo2_mean_pct",
    "spo2_min_pct",
    "spo2_std_pct",
    "accel_x_mean",
    "accel_y_mean",
    "accel_z_mean",
    "accel_x_var",
    "accel_y_var",
    "accel_z_var",
    "accel_mag_mean",
    "accel_mag_var",
    "accel_peak",
    "total_steps",
    "cadence_spm"
  ],
  "num_classes": 2,
  "fatigue_thresholds": {
    "mild_max": 0.25,
    "moderate_max": 0.5,
    "high_max": 0.75
  },
  "fatigue_level_names": [
    "Mild",
    "Moderate",
    "High",
    "Critical"
  ]
}