{
  "user_id": "llqE1To2PcPgkltzfNCkAGkwzvL2",
  "mean": [
    102.89666688311688,
    15.794118181818181,
    78.89929220779221,
    134.96395844155845,
    56.06467077922077,
    -0.011371428571428565,
    0.621946103896104,
    85.62764025974026,
    116.74290324675324,
    51.505515584415576,
    613.9478688311689,
    0.14359675324675325,
    1430.930272077922,
    4907.562825974026,
    0.34383311688311685,
    6338.493097402597,
    73.84642987012988,
    52.13287077922078,
    9.784072077922078,
    -4.692815584415584,
    -7.037875974025975,
    2.4448714285714286,
    57.91143376623377,
    68.58052272727272,
    24.025372727272728,
    14.168994155844155,
    52.7905038961039,
    49.493076623376616,
    124.36363636363636,
    127.50800259740261
  ],
  "std": [
    18.3306714529248,
    5.4252657998976925,
    8.96275685237218,
    16.47358402753629,
    9.094343241646063,
    0.3820979099917155,
    0.1298415253514822,
    21.36453340582258,
    30.168514985495303,
    13.938271632149206,
    96.37093501053019,
    0.041705912905447534,
    1311.0158485399302,
    3471.577716176312,
    0.33728491040422925,
    4229.434417737407,
    6.090229196859228,
    4.045497092646796,
    3.036872061083441,
    4.027409399452219,
    3.3857339129777593,
    1.3784364206147413,
    31.010467181825778,
    45.818271027615914,
    15.842072570971625,
    2.0201948957103513,
    34.618827841547606,
    13.26361498982403,
    24.133777101118465,
    27.9568849276486
  ]
}