{
  "user_id": "OgbaT3FX9kZ9PR7XyKD0LzUjk2k1",
  "mean": [
    95.05545974025975,
    16.1580512987013,
    74.34017662337664,
    129.05186948051949,
    54.711712337662334,
    0.004866883116883118,
    0.5725116883116883,
    99.8101922077922,
    138.43036948051952,
    64.07536948051947,
    656.0844655844156,
    0.15473571428571425,
    1752.8910246753246,
    6097.542985714285,
    0.3630597402597403,
    7850.434014935065,
    81.20258116883116,
    64.01912207792209,
    4.687579220779221,
    -3.2338798701298703,
    -7.388591558441559,
    2.8481175324675325,
    33.45170649350649,
    50.345829870129876,
    15.390940909090908,
    12.24372142857143,
    29.882511688311688,
    39.9828512987013,
    116.84415584415585,
    118.85014220779222
  ],
  "std": [
    10.991175912389012,
    4.384349047675032,
    6.328492626598223,
    11.397101987913405,
    6.33262727513288,
    0.3818985645999888,
    0.10760493455834377,
    15.582742073789547,
    22.981425494505842,
    9.295526145090903,
    65.62992870242884,
    0.03287420470337505,
    1276.96827803727,
    3697.0720776886665,
    0.46892441496533516,
    4263.533152443389,
    1.765139885511799,
    8.855020948879623,
    1.9094456637163328,
    1.3640872002623088,
    2.4205201310996385,
    1.356997599320921,
    14.454692270829337,
    24.382697140856752,
    4.404081285309362,
    1.4558058763467578,
    17.529830760612253,
    10.579170206787799,
    24.284335678629052,
    25.591224655129782
  ]
}