{
  "user_id": "4r3bvEVaq4Ny4AjlcgEi2FwWeG92",
  "mean": [
    103.73400671140939,
    15.260051006711407,
    78.14374362416109,
    131.21972013422823,
    53.075982550335574,
    -0.07558255033557046,
    0.5919208053691275,
    83.9511422818792,
    118.32747718120805,
    53.659990604026845,
    622.2937644295303,
    0.14281610738255035,
    1429.3694805369128,
    4403.731593959731,
    0.47315033557046987,
    5833.101077852349,
    83.20394899328859,
    68.65609194630872,
    3.946776510067114,
    -3.126328187919463,
    -7.7004993288590615,
    0.7805013422818792,
    59.54048053691275,
    141.37526174496645,
    25.572761744966446,
    14.518022147651008,
    106.33882885906041,
    66.69047046979865,
    114.49664429530202,
    116.41211409395973
  ],
  "std": [
    24.316734993353897,
    6.573447609357573,
    11.419672151074646,
    22.27231433147434,
    12.93765085829878,
    0.49091961530254397,
    0.19496020701367361,
    24.87874968355128,
    34.1874014609372,
    14.362472568264138,
    131.64771150939524,
    0.052166815633158066,
    1498.4820019151473,
    3833.110640420437,
    0.8154124319494643,
    4570.5707249626685,
    3.084051957004891,
    9.26679037196384,
    1.708097017716337,
    2.43433961702502,
    3.5156315862923497,
    3.457855312804962,
    30.38073028805033,
    102.06936531432143,
    13.713658817410787,
    3.049587251219101,
    77.18148738241,
    20.14194477422642,
    20.724017179786962,
    22.125799512503935
  ]
}