{
  "user_id": "hpVemGK27XVVdv3plT72u9tnyac2",
  "feature_names": [
    "mean_hr_bpm",
    "hr_std_bpm",
    "hr_min_bpm",
    "hr_max_bpm",
    "hr_range_bpm",
    "hr_slope_bpm_per_s",
    "nn_quality_ratio",
    "sdnn_ms",
    "rmssd_ms",
    "pnn50_pct",
    "mean_nn_ms",
    "cv_nn",
    "lf_power_ms2",
    "hf_power_ms2",
    "lf_hf_ratio",
    "total_power_ms2",
    "spo2_mean_pct",
    "spo2_min_pct",
    "spo2_std_pct",
    "accel_x_mean",
    "accel_y_mean",
    "accel_z_mean",
    "accel_x_var",
    "accel_y_var",
    "accel_z_var",
    "accel_mag_mean",
    "accel_mag_var",
    "accel_peak",
    "total_steps",
    "cadence_spm"
  ],
  "mean": [
    144.62548506493508,
    14.035602597402596,
    107.65272337662338,
    163.74242922077923,
    56.089699350649354,
    -0.03566103896103897,
    0.7275097402597402,
    47.113116233766235,
    69.40214545454546,
    28.556264935064938,
    427.4748694805195,
    0.10878246753246752,
    566.9846149350649,
    1602.5411454545454,
    0.4980487012987013,
    2169.5257590909096,
    84.87207012987014,
    73.25565714285715,
    2.728822077922078,
    0.6454116883116883,
    -9.958794805194806,
    2.054472077922078,
    25.11851688311688,
    71.42593116883117,
    18.184855844155848,
    12.891694805194804,
    54.83879090909091,
    42.43242662337663,
    112.1103896103896,
    113.85713311688313
  ],
  "std": [
    16.84506429238301,
    4.325096767237385,
    15.367049816987164,
    12.633128412424037,
    11.605636187906226,
    0.6191822361784296,
    0.1848053562814729,
    21.533017800135916,
    32.46794637710407,
    16.068027716093038,
    65.17049865710126,
    0.04235730840987734,
    994.620043980829,
    3311.8530593134374,
    0.47719364868203057,
    3939.6572319648635,
    1.5316400469410196,
    8.615236457856897,
    1.487389616083172,
    1.0297238238963624,
    1.4924944125193855,
    2.3493517010569787,
    20.899680696040985,
    65.02603020521411,
    10.657131667153093,
    2.513361263839804,
    45.1034141302833,
    14.095863354581883,
    21.888608698528433,
    23.252639571815507
  ],
  "num_classes": 2,
  "fatigue_thresholds": {
    "mild_max": 0.25,
    "moderate_max": 0.5,
    "high_max": 0.75
  },
  "fatigue_level_names": [
    "Mild",
    "Moderate",
    "High",
    "Critical"
  ]
}