{
  "user_id": "U28NHMzc9XganvIUukzuUQWRyBA3",
  "mean": [
    129.99721006493508,
    18.648828896103893,
    91.12861818181818,
    155.34732987012987,
    64.218712012987,
    0.018662369385075792,
    0.6448675324675324,
    77.19612435064934,
    109.74455097402597,
    49.08045097402597,
    481.43766428571433,
    0.15937694805194805,
    1458.8110983766232,
    3959.4797321428564,
    0.47779350649350655,
    5413.563436363636,
    83.17970487012987,
    56.8934198051948,
    7.350954870129871,
    -1.5718496824109818,
    -6.02474480797479,
    4.148551558763692,
    22.96631055465408,
    55.29608004795799,
    13.773754775839533,
    11.713086038961038,
    35.8465435064935,
    41.157945454545455,
    112.95933181818181,
    114.77113409090909
  ],
  "std": [
    15.944993018587002,
    4.028271831809607,
    9.38957947024844,
    13.66029736754501,
    7.338510463193104,
    0.49341079831892815,
    0.15510242589104759,
    22.126534569040835,
    33.21315388029178,
    14.687628428024274,
    68.96213838529296,
    0.03673201416627717,
    1206.2059425363202,
    3119.835309103488,
    0.4174532823500701,
    3783.1113708541366,
    3.310876405173323,
    8.74546900536107,
    2.2508889747746323,
    3.2656988514511336,
    3.35921697825946,
    3.201149206694122,
    20.15741285607289,
    78.55029216546457,
    12.586497461577423,
    2.719173538897941,
    53.38062310649181,
    19.442492228133997,
    16.684478679216628,
    18.49792660504478
  ]
}