{
  "user_id": "llqE1To2PcPgkltzfNCkAGkwzvL2",
  "mean": [
    102.89431655844156,
    15.795016233766233,
    78.91379577922079,
    134.95126396103896,
    56.037470454545456,
    -0.011093667198566429,
    0.6219503246753246,
    85.61293766233767,
    116.7257594155844,
    51.47703993506494,
    613.8669743506495,
    0.14363344155844157,
    1430.7905097402595,
    4910.700128571429,
    0.3443461038961039,
    6344.901746103896,
    73.852875,
    52.16320292207792,
    9.783744155844156,
    -4.694272403179859,
    -7.038456619640206,
    2.445384681883779,
    57.84757191606016,
    68.61012997657198,
    24.023936386200873,
    14.165458441558444,
    52.795551623376625,
    49.4889474025974,
    124.36369805194805,
    127.50363798701298
  ],
  "std": [
    18.33860852625694,
    5.420214544604454,
    8.95034330765138,
    16.467374626555717,
    9.101299654502244,
    0.3817305304953594,
    0.1298875896360119,
    21.37475550702452,
    30.191484168766298,
    13.933348516083472,
    96.36275968680724,
    0.04172876571569875,
    1312.5598082182348,
    3476.2125579500525,
    0.33732283981972105,
    4228.231687321298,
    6.08701277573326,
    4.035767404288487,
    3.0374192072518946,
    4.027401479091015,
    3.388641476018115,
    1.3767052559661912,
    30.955567605029074,
    45.90004216952503,
    15.85017538842274,
    2.023684149669495,
    34.69213168103843,
    13.244801138477616,
    24.14370219749976,
    27.93470278328387
  ]
}