{
  "user_id": "HYfQdZ7n86U2KnnuJxNNX0HvXx72",
  "mean": [
    109.09232045454544,
    18.274812012987013,
    80.18980974025975,
    139.46681266233765,
    59.27700714285714,
    0.024050622532146133,
    0.527846103896104,
    95.79363636363637,
    128.4547564935065,
    55.06477597402598,
    580.9633483766233,
    0.167974025974026,
    2246.6302655844156,
    5586.676937012987,
    0.5238834415584417,
    7834.88675,
    84.54619058441558,
    68.60552857142858,
    3.8742548701298705,
    -2.2465349351396178,
    -8.756266988319295,
    1.4883354517717469,
    116.00430705137265,
    171.24239487830818,
    35.63124630948222,
    16.12261363636364,
    146.23540194805196,
    68.91259902597402,
    132.73283441558442,
    135.0705577922078
  ],
  "std": [
    18.490876382760668,
    4.54982382410656,
    8.24417594149868,
    14.782580576034418,
    7.3477944590656765,
    0.4518092844407697,
    0.13139372631898832,
    17.28879594151409,
    26.952830435057546,
    12.526421297526444,
    89.19609672957874,
    0.03527959254335712,
    2035.2561973965483,
    3331.8651136980334,
    0.6087689623851402,
    4141.576712386859,
    1.5838631244797237,
    8.158753064826758,
    1.8262287217554634,
    1.688095250741331,
    1.6887183223024926,
    0.7438634085053094,
    47.028280427622306,
    64.57574881013643,
    12.275466117828532,
    2.6297219739116513,
    53.084047803878676,
    13.484176920603474,
    18.85262203688651,
    20.715371138091346
  ]
}