{
  "user_id": "hpVemGK27XVVdv3plT72u9tnyac2",
  "mean": [
    141.3630961038961,
    18.589393506493504,
    101.78430844155842,
    162.9173383116883,
    61.13303181818182,
    0.017071428571428578,
    0.6029259740259739,
    64.58510844155845,
    85.51930779220778,
    39.65063571428572,
    441.78717337662334,
    0.1449538961038961,
    1098.4881941558442,
    2354.309333116883,
    0.6229883116883117,
    3452.797522077922,
    72.33315584415585,
    50.623638961038964,
    9.953132467532468,
    -3.341498701298701,
    -10.172094805194805,
    1.4345980519480517,
    100.63811103896104,
    293.8530746753247,
    35.04904740259741,
    18.332035714285713,
    208.5537103896104,
    71.46555194805195,
    129.33766233766235,
    131.59540324675325
  ],
  "std": [
    16.6727014793289,
    3.5305376716580716,
    12.414087972018189,
    13.464088233752014,
    7.32845431884979,
    0.43059009852748265,
    0.10507111556155657,
    18.497664533706736,
    26.302874320777466,
    14.311399643112946,
    74.57206327490543,
    0.028372668696762002,
    1088.3237312883837,
    2107.5915636902223,
    0.6217182402447219,
    2769.27655221294,
    4.66562897960425,
    3.4121058829224866,
    1.9846242766491948,
    2.090343369481669,
    2.0738420790104324,
    1.704200334257073,
    61.82468503937247,
    110.47129441600535,
    12.109089237434647,
    3.632193693839667,
    75.52101630904514,
    12.964593692784579,
    20.857967669803198,
    22.598430855632603
  ]
}