{
  "user_id": "aIxt7rVo8JPl7CKHWwBNghHqDw72",
  "mean": [
    119.21088701298703,
    18.202800649350653,
    85.1851409090909,
    144.88485454545454,
    59.69972727272727,
    0.005534415584415594,
    0.5083376623376623,
    91.34388051948052,
    123.85621428571429,
    45.82692532467532,
    543.0531006493507,
    0.16570974025974028,
    2437.4224694805193,
    6085.396355844156,
    0.5775448051948052,
    8522.818824025975,
    85.67468181818182,
    67.17387922077923,
    4.243286363636363,
    -0.9265240259740259,
    -8.749056493506492,
    1.7717571428571428,
    29.982214935064935,
    77.21471948051948,
    17.85784545454546,
    12.521609740259741,
    54.37283636363637,
    42.233602597402594,
    123.83116883116882,
    125.78999999999999
  ],
  "std": [
    25.35659553700445,
    4.656763279004838,
    14.032099006196118,
    18.518483407171875,
    7.9767844067226825,
    0.4904893740167668,
    0.0896424246427663,
    31.66554443866429,
    47.49612804609134,
    22.140383138687216,
    119.07923546921954,
    0.045250581928496784,
    2290.324705981063,
    4510.857347607275,
    0.5989772171200323,
    5714.305015926076,
    1.5085259211343887,
    10.915398315936173,
    1.9212260907964234,
    1.3687706379185474,
    1.649045132439216,
    1.9728314935137337,
    12.184858523406266,
    48.197770458513624,
    6.045067100882144,
    1.708724239330021,
    32.340409196786005,
    12.944784012880366,
    21.249233811948905,
    23.064721287459378
  ]
}