{
  "user_id": "LnM3I4gYsfZ4mMFUZPl7vZzqQ7p1",
  "feature_names": [
    "mean_hr_bpm",
    "hr_std_bpm",
    "hr_min_bpm",
    "hr_max_bpm",
    "hr_range_bpm",
    "hr_slope_bpm_per_s",
    "nn_quality_ratio",
    "sdnn_ms",
    "rmssd_ms",
    "pnn50_pct",
    "mean_nn_ms",
    "cv_nn",
    "lf_power_ms2",
    "hf_power_ms2",
    "lf_hf_ratio",
    "total_power_ms2",
    "spo2_mean_pct",
    "spo2_min_pct",
    "spo2_std_pct",
    "accel_x_mean",
    "accel_y_mean",
    "accel_z_mean",
    "accel_x_var",
    "accel_y_var",
    "accel_z_var",
    "accel_mag_mean",
    "accel_mag_var",
    "accel_peak",
    "total_steps",
    "cadence_spm"
  ],
  "mean": [
    107.13420389610388,
    17.470342857142857,
    80.65766298701298,
    138.47106266233766,
    57.813404870129865,
    0.047935252491019174,
    0.556686038961039,
    92.63220844155845,
    118.68332402597402,
    42.3938840909091,
    603.3942733766233,
    0.15726006493506495,
    2259.761356168831,
    5553.006347402597,
    0.5433431818181818,
    7807.061113636363,
    82.48864772727272,
    57.72965746753246,
    6.651050649350648,
    -2.9486487509842916,
    -5.769661756702295,
    5.640205866565587,
    85.96454204018112,
    62.737806574064514,
    39.64769760327728,
    12.904785064935064,
    100.13835844155844,
    56.0265435064935,
    122.3289948051948,
    124.55928376623378
  ],
  "std": [
    23.617544665230138,
    5.408144202062859,
    10.058277406570479,
    17.35895588793168,
    8.99681020794237,
    0.5854391002287279,
    0.1444543525388801,
    28.182111111472988,
    37.05040418962548,
    15.360345056784391,
    123.87348523549991,
    0.04718562400755972,
    2611.7781350088603,
    4913.207068681786,
    0.6751142467906792,
    6475.3555663438665,
    3.5652568023244564,
    7.920719671047219,
    2.046795176762067,
    1.5027349650402002,
    1.9996996465159325,
    0.6617436237059782,
    37.68539919373848,
    26.575681216054765,
    16.560545453927386,
    1.4835802922249415,
    44.622824031928346,
    12.682987672770665,
    25.285677979603783,
    26.905206593749355
  ],
  "num_classes": 2,
  "fatigue_thresholds": {
    "mild_max": 0.25,
    "moderate_max": 0.5,
    "high_max": 0.75
  },
  "fatigue_level_names": [
    "Mild",
    "Moderate",
    "High",
    "Critical"
  ]
}