{
  "user_id": "DiFQuLJHcnVnAAgH7PeYRBIMliv2",
  "mean": [
    107.9029564935065,
    18.99483246753247,
    79.57067467532468,
    137.45851818181816,
    57.887858116883116,
    -0.03025746753246753,
    0.5484262987012987,
    102.09446818181819,
    138.7249224025974,
    57.89660974025974,
    583.0467334415583,
    0.17634512987012987,
    2313.5446983766237,
    6971.070197077922,
    0.420175974025974,
    9284.614893181819,
    78.66804935064935,
    62.02309512987014,
    4.338240584415585,
    2.4869983766233767,
    -6.712640259740259,
    4.89359512987013,
    32.67636038961039,
    74.8302538961039,
    24.812478246753244,
    12.002749999999999,
    66.94369772727273,
    59.6512435064935,
    125.38636363636364,
    127.383237012987
  ],
  "std": [
    13.637750055902295,
    4.12293191915472,
    6.41703626939534,
    11.283855748181706,
    6.31468087541075,
    0.4793953002197741,
    0.0977042043549716,
    19.369632409484005,
    29.821613107351027,
    10.947555545985487,
    69.33287738039921,
    0.033598537126801456,
    1854.1411548036451,
    4353.767478334499,
    0.39432294366834914,
    5181.229599644312,
    3.1340677043869682,
    8.405805325160062,
    1.573805928297328,
    1.3663885619298375,
    1.638308511414733,
    1.385854052423681,
    19.54019647769036,
    60.265531435009414,
    14.419430632891407,
    1.7242453212419266,
    51.27116863023596,
    19.371667399922938,
    23.28919142920617,
    24.63835294771735
  ]
}