{
  "user_id": "lI0gxFwnqPXfCbwuiRKGECFRAUp2",
  "mean": [
    131.4424619771863,
    13.434098859315588,
    97.12187756653994,
    154.31695019011406,
    57.19507566539924,
    0.03162813688212929,
    0.7239057034220533,
    55.578012547528516,
    79.28194334600761,
    35.323640304182504,
    474.65613954372617,
    0.11335247148288974,
    1114.8785547528516,
    2287.0001163498096,
    0.6477783269961978,
    3401.8786730038023,
    86.66579315589354,
    61.84728783269962,
    5.876882509505704,
    -6.05272813688213,
    -4.488353231939164,
    4.396549049429658,
    3.181916730038023,
    4.312150570342205,
    3.552139163498099,
    9.742942965779466,
    0.5747326996197719,
    17.49420836501901,
    56.627376425855516,
    57.59559087452471
  ],
  "std": [
    19.234085442226217,
    3.6076477826748836,
    16.214404236727486,
    16.91701627820641,
    9.716285298981033,
    0.5090786362041669,
    0.19281479462039525,
    28.117221724745704,
    38.258419291792,
    17.019567369948057,
    85.54070012428654,
    0.03979261333012475,
    1977.7240517102919,
    4975.979226306749,
    0.7478099729810888,
    6209.419233989108,
    3.4268452299996577,
    10.31846003406171,
    1.9889016208482293,
    1.445719807577528,
    2.0904731367002114,
    1.3762009650713645,
    6.0131109615061575,
    4.878363679152449,
    5.816756521842545,
    0.10574101413496848,
    0.9013262135260962,
    6.702175222028601,
    30.449826767176845,
    31.088222852334592
  ]
}