{
  "user_id": "wqCF0ZOT3Gc8xccZOFSLLT2OQcv2",
  "mean": [
    116.65207222222222,
    17.98461111111111,
    84.2659588235294,
    142.7413741830065,
    58.47542352941176,
    -0.012288309436584845,
    0.5111411764705882,
    89.11995457516339,
    120.30716666666667,
    51.67374084967321,
    539.8743882352942,
    0.16379150326797384,
    2214.743378104575,
    5610.684103921569,
    0.5533738562091504,
    7823.650167973855,
    84.21469215686275,
    54.392345751634,
    8.00221797385621,
    -0.9691097730125671,
    -4.62933094740211,
    6.9344617857448405,
    8.001053324732933,
    9.205434161340934,
    7.39197123549105,
    9.868272222222222,
    3.9034343137254894,
    29.577316013071894,
    106.22329934640521,
    107.9295679738562
  ],
  "std": [
    16.83508838679371,
    3.7548198919592686,
    9.616999661424916,
    13.402733793592828,
    6.607872836421884,
    0.758024436185275,
    0.1919255193327999,
    24.946727535055494,
    32.4892570801126,
    13.851307343316643,
    77.93944957753136,
    0.036714813216260425,
    2003.3320801133134,
    4380.505609597864,
    0.5371217715624985,
    5274.869096106429,
    3.6963136655132574,
    6.47427789880179,
    1.8256292905659588,
    1.6024350828759497,
    1.4035848476110033,
    1.2372129837899035,
    6.337818900554192,
    8.125389513929758,
    7.06417914103968,
    0.33522074706240185,
    6.150050385640273,
    13.951469214332556,
    21.726422612332495,
    22.903880610097247
  ],
  "feature_names": [
    "mean_hr_bpm",
    "hr_std_bpm",
    "hr_min_bpm",
    "hr_max_bpm",
    "hr_range_bpm",
    "hr_slope_bpm_per_s",
    "nn_quality_ratio",
    "sdnn_ms",
    "rmssd_ms",
    "pnn50_pct",
    "mean_nn_ms",
    "cv_nn",
    "lf_power_ms2",
    "hf_power_ms2",
    "lf_hf_ratio",
    "total_power_ms2",
    "spo2_mean_pct",
    "spo2_min_pct",
    "spo2_std_pct",
    "accel_x_mean",
    "accel_y_mean",
    "accel_z_mean",
    "accel_x_var",
    "accel_y_var",
    "accel_z_var",
    "accel_mag_mean",
    "accel_mag_var",
    "accel_peak",
    "total_steps",
    "cadence_spm"
  ],
  "num_classes": 2,
  "fatigue_thresholds": {
    "mild_max": 0.25,
    "moderate_max": 0.5,
    "high_max": 0.75
  },
  "fatigue_level_names": [
    "Mild",
    "Moderate",
    "High",
    "Critical"
  ]
}