{
  "user_id": "DiFQuLJHcnVnAAgH7PeYRBIMliv2",
  "feature_names": [
    "mean_hr_bpm",
    "hr_std_bpm",
    "hr_min_bpm",
    "hr_max_bpm",
    "hr_range_bpm",
    "hr_slope_bpm_per_s",
    "nn_quality_ratio",
    "sdnn_ms",
    "rmssd_ms",
    "pnn50_pct",
    "mean_nn_ms",
    "cv_nn",
    "lf_power_ms2",
    "hf_power_ms2",
    "lf_hf_ratio",
    "total_power_ms2",
    "spo2_mean_pct",
    "spo2_min_pct",
    "spo2_std_pct",
    "accel_x_mean",
    "accel_y_mean",
    "accel_z_mean",
    "accel_x_var",
    "accel_y_var",
    "accel_z_var",
    "accel_mag_mean",
    "accel_mag_var",
    "accel_peak",
    "total_steps",
    "cadence_spm"
  ],
  "mean": [
    94.5590577922078,
    13.70705974025974,
    73.67506688311688,
    127.234274025974,
    53.55921753246753,
    -0.019392207792207794,
    0.7120149350649352,
    85.52880909090908,
    121.40106233766232,
    52.34781753246754,
    651.202775974026,
    0.13307532467532468,
    1322.1850389610388,
    4177.2556558441565,
    0.4772954545454546,
    5499.440697402597,
    78.19473506493506,
    59.3187077922078,
    4.74166948051948,
    2.90382987012987,
    -7.365259740259741,
    4.059422077922078,
    53.08448181818182,
    94.19667597402598,
    30.052225974025976,
    13.263774675324674,
    80.50433246753246,
    66.62629025974026,
    128.94155844155844,
    131.19734415584412
  ],
  "std": [
    8.044438149129281,
    4.260363040830893,
    4.074008221307353,
    7.81971388328679,
    6.508133965219067,
    0.4076276064298112,
    0.16919358189236142,
    19.96196384090257,
    27.067516626998998,
    12.127831404163297,
    42.79437003258702,
    0.037009543015893015,
    1476.0958519784485,
    3586.992920970928,
    0.9422156297956888,
    4271.012170334521,
    1.9773917030300314,
    7.432685489331288,
    1.0968865335326097,
    1.2696118565335757,
    1.4992135610032469,
    0.779845572229241,
    30.069899409202215,
    60.61388629012402,
    11.698207438642347,
    2.127753984917591,
    50.82169517575656,
    13.314113938846756,
    17.945529781249185,
    20.06390579725287
  ],
  "num_classes": 2,
  "fatigue_thresholds": {
    "mild_max": 0.25,
    "moderate_max": 0.5,
    "high_max": 0.75
  },
  "fatigue_level_names": [
    "Mild",
    "Moderate",
    "High",
    "Critical"
  ]
}