{
  "user_id": "Gy4tvugyvzgSIJXzTgeIi6aS9IL2",
  "mean": [
    135.62991610738254,
    17.722546308724834,
    94.70052617449666,
    157.72901476510066,
    63.02849731543624,
    -0.007966442953020136,
    0.5848791946308725,
    70.12499127516779,
    95.26176510067114,
    33.96752013422819,
    471.1424919463086,
    0.14878590604026845,
    1393.9838845637585,
    3462.641798657718,
    0.5633597315436242,
    4856.625681208054,
    81.70331140939598,
    52.321740268456374,
    9.564871140939598,
    -3.788559060402685,
    -7.796829530201342,
    3.8788825503355704,
    88.15175100671141,
    151.18749328859062,
    29.494028187919458,
    15.019277852348994,
    132.2603697986577,
    60.41449395973155,
    128.751677852349,
    130.90469127516778
  ],
  "std": [
    24.55417235829137,
    5.0577631715412625,
    12.602424824907137,
    15.717957010274235,
    8.646731895481773,
    0.48122025648320704,
    0.15832136007838457,
    26.276641051630488,
    40.517237777820185,
    16.383426764108194,
    105.04941653155467,
    0.04530743160241241,
    1741.2530569119485,
    3265.238516220016,
    0.9455418140605104,
    4147.487460179894,
    6.723119586304338,
    5.929512069018284,
    2.4666379088403367,
    1.9175903349655994,
    1.6308971866295419,
    1.5895686384065257,
    55.74541090958495,
    91.87244154151679,
    13.764761289232043,
    3.169774699821785,
    79.2835777792684,
    17.52640309702363,
    17.19524908643498,
    19.075018277933076
  ]
}