{
  "user_id": "o3hb0ScZTKMtJZEZiTyI2nPbq1r1",
  "mean": [
    134.13665844155847,
    12.334114935064935,
    104.54358636363636,
    161.2166935064935,
    56.67310584415584,
    0.02659935064935065,
    0.8954175324675325,
    43.68928311688312,
    67.48104285714285,
    32.9512487012987,
    460.3765025974025,
    0.09424025974025974,
    257.6378181818182,
    706.7475376623377,
    0.4144597402597402,
    964.3853512987013,
    82.45496623376623,
    62.466324675324664,
    4.895709740259741,
    1.349301948051948,
    -8.411377272727274,
    4.239267532467532,
    15.31028896103896,
    58.0555474025974,
    11.480563636363634,
    11.718444805194805,
    44.91087727272728,
    35.89269545454545,
    102.6948051948052,
    104.46789610389612
  ],
  "std": [
    16.412628133368734,
    2.419057282404897,
    13.944296571433311,
    15.313631226517632,
    9.1973271816824,
    0.14926813775092893,
    0.0612238039746965,
    12.811524488216945,
    17.565319592812532,
    12.497793449230995,
    74.63322809620037,
    0.019702124348116343,
    346.3737290970269,
    808.2063048127212,
    0.33994499412184903,
    1075.5883702144686,
    2.717445943337924,
    7.561009433393048,
    1.0927996756674545,
    1.2892336331985104,
    2.265104929467167,
    1.704955396944224,
    11.673096254628128,
    48.59665758969598,
    6.488421845290572,
    1.6901232716911436,
    38.79638907085234,
    10.26848331390602,
    22.524251842535126,
    23.51296279925067
  ]
}