{
  "user_id": "7oLRVSfRt2VQFHWNLYtDRyXp94w2",
  "mean": [
    124.04642175324675,
    20.879092857142854,
    87.42198733766233,
    151.9880724025974,
    64.56609025974026,
    -0.0501299015695169,
    0.5358094155844156,
    91.84096590909091,
    130.56779090909092,
    57.17796266233766,
    508.64907597402595,
    0.18074772727272725,
    2381.3123626623374,
    5218.337914935065,
    0.611167857142857,
    7587.392947727273,
    81.10314058441558,
    58.06152142857144,
    6.946794805194805,
    -2.6606959333600444,
    -7.115197102054897,
    4.450495318610898,
    22.579802148433885,
    60.78885595356965,
    19.39405303413958,
    12.012965584415586,
    41.97921006493507,
    40.79288506493507,
    106.31872175324676,
    108.12075551948053
  ],
  "std": [
    16.32002290172431,
    3.4529854462142127,
    8.520410025013623,
    15.316764139514085,
    7.679984529080649,
    0.4919098524561585,
    0.12405066809776807,
    17.455858494804072,
    29.10216994056616,
    12.187295690139717,
    71.53215714292878,
    0.0260303274927567,
    1649.1738972775422,
    3369.4577701899807,
    0.577049327923053,
    4219.93339872413,
    2.999740069790623,
    8.960662757082435,
    2.802813605790471,
    1.2693245007002112,
    2.7012728853030925,
    1.6431448096158416,
    15.672740370459726,
    63.1877426581266,
    13.354736928882838,
    2.4497527121525318,
    46.03511468321562,
    17.989919696895566,
    17.96218537515167,
    19.309745392322
  ],
  "feature_names": [
    "mean_hr_bpm",
    "hr_std_bpm",
    "hr_min_bpm",
    "hr_max_bpm",
    "hr_range_bpm",
    "hr_slope_bpm_per_s",
    "nn_quality_ratio",
    "sdnn_ms",
    "rmssd_ms",
    "pnn50_pct",
    "mean_nn_ms",
    "cv_nn",
    "lf_power_ms2",
    "hf_power_ms2",
    "lf_hf_ratio",
    "total_power_ms2",
    "spo2_mean_pct",
    "spo2_min_pct",
    "spo2_std_pct",
    "accel_x_mean",
    "accel_y_mean",
    "accel_z_mean",
    "accel_x_var",
    "accel_y_var",
    "accel_z_var",
    "accel_mag_mean",
    "accel_mag_var",
    "accel_peak",
    "total_steps",
    "cadence_spm"
  ],
  "num_classes": 2,
  "fatigue_thresholds": {
    "mild_max": 0.25,
    "moderate_max": 0.5,
    "high_max": 0.75
  },
  "fatigue_level_names": [
    "Mild",
    "Moderate",
    "High",
    "Critical"
  ]
}