{
  "user_id": "aIxt7rVo8JPl7CKHWwBNghHqDw72",
  "feature_names": [
    "mean_hr_bpm",
    "hr_std_bpm",
    "hr_min_bpm",
    "hr_max_bpm",
    "hr_range_bpm",
    "hr_slope_bpm_per_s",
    "nn_quality_ratio",
    "sdnn_ms",
    "rmssd_ms",
    "pnn50_pct",
    "mean_nn_ms",
    "cv_nn",
    "lf_power_ms2",
    "hf_power_ms2",
    "lf_hf_ratio",
    "total_power_ms2",
    "spo2_mean_pct",
    "spo2_min_pct",
    "spo2_std_pct",
    "accel_x_mean",
    "accel_y_mean",
    "accel_z_mean",
    "accel_x_var",
    "accel_y_var",
    "accel_z_var",
    "accel_mag_mean",
    "accel_mag_var",
    "accel_peak",
    "total_steps",
    "cadence_spm"
  ],
  "mean": [
    119.2105383116883,
    18.205387987012987,
    85.18791980519481,
    144.8938775974026,
    59.70596461038962,
    0.00582953125696851,
    0.5081837662337663,
    91.35958474025973,
    123.86956785714285,
    45.79791818181818,
    543.0622685064935,
    0.16573279220779222,
    2436.5346441558445,
    6079.871293831169,
    0.577613961038961,
    8520.447014935065,
    85.67830941558442,
    67.18238311688312,
    4.241807792207792,
    -0.9300446011580481,
    -8.748900041302374,
    1.7750590917890279,
    29.99372698145181,
    77.27230412033909,
    17.871890805890967,
    12.524326623376624,
    54.40801590909091,
    42.25404707792208,
    123.85550519480518,
    125.77358474025974
  ],
  "std": [
    25.3237747526704,
    4.648559001344294,
    14.039697527131471,
    18.515077920286235,
    7.974139458376508,
    0.4912394645228724,
    0.08982703362702717,
    31.650216787466572,
    47.463348339636916,
    22.15075590198109,
    118.9886554584062,
    0.04526600308245382,
    2290.0859842521704,
    4516.377722021782,
    0.6005920072089465,
    5720.714091876613,
    1.5113457144049824,
    10.89570420721298,
    1.921744891817068,
    1.3726308454701426,
    1.6481472345657244,
    1.9733592786657213,
    12.214836280642373,
    48.214864821334054,
    6.034692215248971,
    1.7132319179494662,
    32.26767641797947,
    12.958146348586574,
    21.22342990383564,
    23.053614739781136
  ],
  "num_classes": 2,
  "fatigue_thresholds": {
    "mild_max": 0.25,
    "moderate_max": 0.5,
    "high_max": 0.75
  },
  "fatigue_level_names": [
    "Mild",
    "Moderate",
    "High",
    "Critical"
  ]
}