{
  "user_id": "user_01",
  "feature_names": [
    "mean_hr_bpm",
    "hr_std_bpm",
    "hr_min_bpm",
    "hr_max_bpm",
    "hr_range_bpm",
    "hr_slope_bpm_per_s",
    "nn_quality_ratio",
    "sdnn_ms",
    "rmssd_ms",
    "pnn50_pct",
    "mean_nn_ms",
    "cv_nn",
    "lf_power_ms2",
    "hf_power_ms2",
    "lf_hf_ratio",
    "total_power_ms2",
    "spo2_mean_pct",
    "spo2_min_pct",
    "spo2_std_pct",
    "accel_x_mean",
    "accel_y_mean",
    "accel_z_mean",
    "accel_x_var",
    "accel_y_var",
    "accel_z_var",
    "accel_mag_mean",
    "accel_mag_var",
    "accel_peak",
    "total_steps",
    "cadence_spm"
  ],
  "mean": [
    107.2052051948052,
    18.64065779220779,
    79.00043766233766,
    137.22089025974026,
    58.22047337662338,
    -0.0329461038961039,
    0.5768214285714286,
    100.96354545454545,
    135.30065649350647,
    61.173723376623386,
    583.4710467532467,
    0.1738538961038961,
    2063.617905194805,
    6738.756077272727,
    0.38217142857142855,
    8802.373978571428,
    76.45935649350649,
    60.692869480519484,
    4.483747402597403,
    3.1137883116883116,
    -7.195265584415584,
    3.8433279220779215,
    34.219081168831174,
    93.90526103896106,
    22.427714935064934,
    12.277176623376624,
    76.60497142857143,
    65.49052012987012,
    126.58441558441558,
    128.3789142857143
  ],
  "std": [
    11.303022744081327,
    2.8658091584801824,
    5.269123892516234,
    9.651333410822215,
    5.606100625849339,
    0.4521623079653595,
    0.07884937470560992,
    13.73454067943107,
    22.184798178052,
    8.454003696265252,
    59.36065630968584,
    0.023568133154851068,
    1377.5824957572142,
    3866.5047105755825,
    0.3281153098931393,
    4390.850241061177,
    1.7656046415463584,
    7.428669295462094,
    1.6147113766942132,
    0.9592857313016637,
    1.2652736485692015,
    0.9447128698330248,
    17.68356788569609,
    64.64560343226846,
    8.61825999949716,
    1.6942367193729793,
    50.30187163406639,
    16.304698683908157,
    17.717736838671932,
    19.130930243315433
  ],
  "num_classes": 2,
  "fatigue_thresholds": {
    "mild_max": 0.25,
    "moderate_max": 0.5,
    "high_max": 0.75
  },
  "fatigue_level_names": [
    "Mild",
    "Moderate",
    "High",
    "Critical"
  ]
}