{
  "user_id": "1REuusvMDGaNg0idnHJR0k5vkKy2",
  "mean": [
    94.2672972,
    15.723351999999998,
    70.85976720000001,
    122.57556,
    51.7158036,
    -0.0020475999999999984,
    0.5136492,
    108.87535399999999,
    149.35365,
    64.4080008,
    667.6419996000001,
    0.16407119999999997,
    2839.7589308,
    9506.715248800001,
    0.4455204,
    12346.4741864,
    83.130896,
    62.01688279999999,
    5.907133599999999,
    -6.0058384,
    -6.3136220000000005,
    0.36654719999999996,
    24.455065199999996,
    31.4525268,
    18.555940800000002,
    11.7463344,
    24.29578,
    47.3890936,
    105.292,
    107.050238
  ],
  "std": [
    14.041903028459933,
    2.982227161692416,
    7.746424004933125,
    12.525790411856649,
    5.8074018568260835,
    0.3942554317371417,
    0.13241083165421175,
    18.154663104694727,
    28.091272579478847,
    10.721500129153538,
    88.57482451659477,
    0.024997700105409696,
    2274.588459926553,
    6319.277441350947,
    0.5230922273020696,
    7218.786008905474,
    3.7394359731467524,
    9.831780527594386,
    1.8992986658214237,
    2.510719399846474,
    1.8169852081170061,
    2.184875267179378,
    17.35328150075221,
    30.45327461972853,
    16.444276603682372,
    1.6237665098211134,
    27.13701695558891,
    24.44696693755442,
    20.722710633505454,
    22.13640536503513
  ]
}