{
  "user_id": "HYfQdZ7n86U2KnnuJxNNX0HvXx72",
  "mean": [
    109.10851233766233,
    18.273630519480523,
    80.19138701298702,
    139.479262987013,
    59.2878844155844,
    0.02461558441558441,
    0.5277922077922078,
    95.7596766233766,
    128.50629545454547,
    55.049011038961034,
    581.1770662337661,
    0.16795,
    2248.2780344155844,
    5586.157495454546,
    0.5235487012987012,
    7834.435531168831,
    84.54649285714285,
    68.6022779220779,
    3.878201298701298,
    -2.246333766233766,
    -8.761827272727274,
    1.4903103896103895,
    116.01273376623374,
    171.14049675324677,
    35.62552077922078,
    16.120264285714285,
    146.27729480519483,
    68.9079961038961,
    132.73376623376623,
    135.0721909090909
  ],
  "std": [
    18.480576506072417,
    4.5442003611757835,
    8.256534440362753,
    14.769162642364561,
    7.31250492023482,
    0.45189925712297296,
    0.1312253378350799,
    17.283421602352018,
    26.981268230711038,
    12.500839476816662,
    89.17066533217863,
    0.03530662946835317,
    2032.0692492295395,
    3331.9160105239253,
    0.6088145758956406,
    4142.54471392767,
    1.584609051998711,
    8.163011545357659,
    1.8259512527805282,
    1.6891446356924007,
    1.6877538400432908,
    0.748405217707664,
    47.11813971763336,
    64.50451371843782,
    12.288163099697327,
    2.6338293131858825,
    53.099494068871344,
    13.47999556348863,
    18.864190706475814,
    20.71821552220636
  ]
}