{
  "user_id": "7oLRVSfRt2VQFHWNLYtDRyXp94w2",
  "mean": [
    124.04932337662335,
    20.879105844155845,
    87.43034805194806,
    151.99087337662337,
    64.5605357142857,
    -0.04982727272727273,
    0.5359324675324675,
    91.83019805194806,
    130.53421883116883,
    57.18176168831169,
    508.45627012987023,
    0.1807318181818182,
    2379.764366233766,
    5216.664408441559,
    0.6116571428571429,
    7596.428774675324,
    81.10789675324675,
    58.04386363636363,
    6.945998051948052,
    -2.6603103896103897,
    -7.120785064935064,
    4.452698051948052,
    22.5723525974026,
    60.960822077922074,
    19.373896103896104,
    12.010955844155845,
    41.8430987012987,
    40.78929220779221,
    106.32467532467533,
    108.09660000000001
  ],
  "std": [
    16.298076790568626,
    3.4514672325597093,
    8.515006015396375,
    15.326563244610465,
    7.681549155214998,
    0.49185895260348605,
    0.12399846033979034,
    17.493185421128516,
    29.11952820592093,
    12.181891610246414,
    71.40191804505132,
    0.026070445785361277,
    1649.272293167843,
    3367.9380935075305,
    0.5776940201270374,
    4218.418799750789,
    2.9942862465733016,
    8.973425942740404,
    2.800081411675238,
    1.2662656892359565,
    2.7018536885844138,
    1.6433979235097642,
    15.704744318480861,
    63.21094982443346,
    13.371145374362008,
    2.4524817081803794,
    46.02611230251687,
    18.006874565267843,
    17.962762028702063,
    19.313973467196192
  ]
}