{
  "user_id": "WDNOXs2Qx2bUJei2zsyJwdtOWUx1",
  "mean": [
    138.48456308724832,
    12.045008724832213,
    107.65952281879194,
    163.1791174496644,
    55.51959463087249,
    0.002056375838926176,
    0.886103355704698,
    39.9506744966443,
    60.730663087248324,
    28.716133557046984,
    440.9139033557047,
    0.09006979865771812,
    249.3402953020134,
    527.8169147651007,
    0.5288288590604027,
    777.1572093959733,
    83.56174563758388,
    52.540042281879195,
    7.6420536912751675,
    1.3680536912751677,
    -6.686959731543624,
    4.171461744966443,
    40.48713691275167,
    96.70229865771812,
    21.724944295302013,
    13.465137583892616,
    63.802315436241614,
    46.381546979865774,
    133.06040268456377,
    135.15292885906038
  ],
  "std": [
    12.858981943719566,
    2.1852166353661424,
    9.890474770874492,
    8.922113356231273,
    8.03228684041367,
    0.15749340513396412,
    0.09164725006848315,
    11.778000315616042,
    14.1115044393927,
    10.440297742010376,
    44.30794763252411,
    0.01975726424795417,
    469.879144730637,
    689.8570382809205,
    0.5048206328140775,
    1046.3185828268176,
    3.2955943767864504,
    4.459804773817037,
    1.094992619908536,
    2.7866274031939295,
    3.9676466785270557,
    2.8509131449555207,
    25.442787909350287,
    74.59715011441175,
    11.602495475545394,
    3.0700933013930687,
    49.46011826745566,
    14.406498073665148,
    26.26739837303096,
    27.84725045258326
  ]
}