{
  "user_id": "4r3bvEVaq4Ny4AjlcgEi2FwWeG92",
  "mean": [
    103.72099026845638,
    15.262681208053692,
    78.15747617449665,
    131.24381711409396,
    53.08634395973154,
    -0.07510131577662513,
    0.5922147651006712,
    83.98226275167785,
    118.30754630872482,
    53.663314765100665,
    622.317538590604,
    0.1428251677852349,
    1428.7300087248323,
    4404.437429865772,
    0.47212718120805364,
    5836.867175503355,
    83.20623590604026,
    68.6562865771812,
    3.946765100671141,
    -3.1239561353789638,
    -7.700072133726414,
    0.7839095704986887,
    59.52758067096237,
    141.337375243035,
    25.582283802656516,
    14.518394295302013,
    106.34591241610738,
    66.67271744966443,
    114.50687013422818,
    116.4030130872483
  ],
  "std": [
    24.32906327381474,
    6.574658127579425,
    11.432571890645075,
    22.261718267216825,
    12.903373524763886,
    0.49212652243938765,
    0.1951007555483803,
    24.89587744065651,
    34.17279441054102,
    14.357412929065182,
    131.68931439802563,
    0.05216442387547703,
    1500.9120508690808,
    3837.826051496641,
    0.8152749368467326,
    4571.366430570003,
    3.0857250123047426,
    9.272734826350845,
    1.7114782259132968,
    2.43622167910614,
    3.5152107784605406,
    3.4584074348494296,
    30.368224377664454,
    102.1467606412759,
    13.693203680023336,
    3.0569293408309637,
    77.14098893228697,
    20.14419329931162,
    20.71742056054673,
    22.136982714453126
  ]
}