{
  "user_id": "OgbaT3FX9kZ9PR7XyKD0LzUjk2k1",
  "feature_names": [
    "mean_hr_bpm",
    "hr_std_bpm",
    "hr_min_bpm",
    "hr_max_bpm",
    "hr_range_bpm",
    "hr_slope_bpm_per_s",
    "nn_quality_ratio",
    "sdnn_ms",
    "rmssd_ms",
    "pnn50_pct",
    "mean_nn_ms",
    "cv_nn",
    "lf_power_ms2",
    "hf_power_ms2",
    "lf_hf_ratio",
    "total_power_ms2",
    "spo2_mean_pct",
    "spo2_min_pct",
    "spo2_std_pct",
    "accel_x_mean",
    "accel_y_mean",
    "accel_z_mean",
    "accel_x_var",
    "accel_y_var",
    "accel_z_var",
    "accel_mag_mean",
    "accel_mag_var",
    "accel_peak",
    "total_steps",
    "cadence_spm"
  ],
  "mean": [
    95.03195097402599,
    16.1571262987013,
    74.33528376623377,
    129.0546448051948,
    54.71937077922078,
    0.004992563394162613,
    0.5725340909090908,
    99.82215941558442,
    138.43416525974027,
    64.07672954545454,
    656.0965545454545,
    0.15481168831168832,
    1754.7546227272726,
    6092.860068506494,
    0.36255714285714286,
    7847.825996753246,
    81.19312305194805,
    64.02971915584415,
    4.689255194805194,
    -3.23318923650866,
    -7.385961904670936,
    2.845657691829069,
    33.430724297628636,
    50.319966902380585,
    15.410894624953182,
    12.244937662337664,
    29.910391558441557,
    39.96511753246753,
    116.86507824675324,
    118.90919448051949
  ],
  "std": [
    11.010480193034288,
    4.384432465115529,
    6.336528593355497,
    11.389073138881743,
    6.340207868262878,
    0.3819992127225551,
    0.10758615834613693,
    15.599798959477415,
    22.949704440646865,
    9.282334641449198,
    65.5516191544749,
    0.03288278562798622,
    1280.5357150733614,
    3696.114374585803,
    0.4694348432523615,
    4270.056777350814,
    1.762136500662933,
    8.853666622222555,
    1.9090145127972225,
    1.3648094391914978,
    2.418383643832571,
    1.3587646622486582,
    14.517751056713468,
    24.325697377243863,
    4.423699759904384,
    1.455162661661313,
    17.54036812429468,
    10.574367139960039,
    24.25458107779167,
    25.562656260361354
  ],
  "num_classes": 2,
  "fatigue_thresholds": {
    "mild_max": 0.25,
    "moderate_max": 0.5,
    "high_max": 0.75
  },
  "fatigue_level_names": [
    "Mild",
    "Moderate",
    "High",
    "Critical"
  ]
}