{
  "user_id": "o3hb0ScZTKMtJZEZiTyI2nPbq1r1",
  "mean": [
    134.13285292207792,
    12.332062662337663,
    104.54076006493507,
    161.21925324675325,
    56.67849253246753,
    0.027453530111963137,
    0.8952444805194807,
    43.64994545454545,
    67.47909772727273,
    32.94300551948052,
    460.2715733766234,
    0.09423993506493507,
    257.832599025974,
    711.5821665584416,
    0.4146441558441558,
    964.7364629870129,
    82.45980974025974,
    62.477363636363634,
    4.897246103896103,
    1.3527383015994516,
    -8.416877271573005,
    4.235295838489403,
    15.305573278273048,
    57.96696434385826,
    11.482172254525246,
    11.71302922077922,
    44.936712012987016,
    35.881441883116885,
    102.67168863636363,
    104.47309512987015
  ],
  "std": [
    16.390852679929555,
    2.415980887863454,
    13.954917553381835,
    15.314305569789708,
    9.202339472075966,
    0.14945893481588493,
    0.06126800505615724,
    12.79864359507339,
    17.58437845531191,
    12.495890519492074,
    74.65866082567028,
    0.019695450624965624,
    346.5139284470785,
    809.7177877184612,
    0.3404603816772517,
    1075.8436628094921,
    2.7176577707643834,
    7.557527752966542,
    1.0943282031689827,
    1.296939875140366,
    2.265650772701715,
    1.702065335816417,
    11.653746298567917,
    48.63866777924915,
    6.483480320824755,
    1.6883234657657389,
    38.82566951377664,
    10.305450853198701,
    22.495561610511214,
    23.526500565681708
  ],
  "feature_names": [
    "mean_hr_bpm",
    "hr_std_bpm",
    "hr_min_bpm",
    "hr_max_bpm",
    "hr_range_bpm",
    "hr_slope_bpm_per_s",
    "nn_quality_ratio",
    "sdnn_ms",
    "rmssd_ms",
    "pnn50_pct",
    "mean_nn_ms",
    "cv_nn",
    "lf_power_ms2",
    "hf_power_ms2",
    "lf_hf_ratio",
    "total_power_ms2",
    "spo2_mean_pct",
    "spo2_min_pct",
    "spo2_std_pct",
    "accel_x_mean",
    "accel_y_mean",
    "accel_z_mean",
    "accel_x_var",
    "accel_y_var",
    "accel_z_var",
    "accel_mag_mean",
    "accel_mag_var",
    "accel_peak",
    "total_steps",
    "cadence_spm"
  ],
  "num_classes": 2,
  "fatigue_thresholds": {
    "mild_max": 0.25,
    "moderate_max": 0.5,
    "high_max": 0.75
  },
  "fatigue_level_names": [
    "Mild",
    "Moderate",
    "High",
    "Critical"
  ]
}