{
  "user_id": "oIrIvY9oZBW0ReTkEPBI5AE5kNC2",
  "feature_names": [
    "mean_hr_bpm",
    "hr_std_bpm",
    "hr_min_bpm",
    "hr_max_bpm",
    "hr_range_bpm",
    "hr_slope_bpm_per_s",
    "nn_quality_ratio",
    "sdnn_ms",
    "rmssd_ms",
    "pnn50_pct",
    "mean_nn_ms",
    "cv_nn",
    "lf_power_ms2",
    "hf_power_ms2",
    "lf_hf_ratio",
    "total_power_ms2",
    "spo2_mean_pct",
    "spo2_min_pct",
    "spo2_std_pct",
    "accel_x_mean",
    "accel_y_mean",
    "accel_z_mean",
    "accel_x_var",
    "accel_y_var",
    "accel_z_var",
    "accel_mag_mean",
    "accel_mag_var",
    "accel_peak",
    "total_steps",
    "cadence_spm"
  ],
  "mean": [
    127.31432974683541,
    17.567929746835443,
    91.33963291139241,
    152.9345246835443,
    61.594901265822784,
    0.06796455696202533,
    0.5876550632911393,
    76.7194594936709,
    105.41883354430382,
    47.71354430379747,
    498.4747575949367,
    0.1518012658227848,
    1603.2443645569617,
    4017.3508335443044,
    0.5471354430379747,
    5620.595200000001,
    87.25118797468353,
    64.4176335443038,
    5.307222151898734,
    -1.1495879746835445,
    -9.842738607594937,
    0.9464120253164559,
    64.17338797468355,
    151.3930835443038,
    15.471046835443039,
    15.139347468354428,
    105.37550126582276,
    52.3915094936709,
    118.49367088607595,
    120.17178291139241
  ],
  "std": [
    21.306784441009256,
    4.3876851213498815,
    13.633462025358472,
    16.40910143015608,
    8.626148462609821,
    0.5072549157014495,
    0.2062150412405864,
    25.997806025923108,
    37.24732500705712,
    19.30503347275954,
    98.31834759479045,
    0.0399462201556894,
    1716.3017881407357,
    3417.273675943198,
    0.7269484335720828,
    4091.273887327434,
    2.4719217255529053,
    9.433790760337233,
    1.4007996480140843,
    1.6346414248289391,
    3.0833553493466974,
    2.7774580331653316,
    45.977007064723836,
    106.8358191187963,
    9.585169239584523,
    3.930946741114783,
    74.36595372757547,
    18.51828760024577,
    29.37659165317697,
    30.42457189280408
  ],
  "num_classes": 2,
  "fatigue_thresholds": {
    "mild_max": 0.25,
    "moderate_max": 0.5,
    "high_max": 0.75
  },
  "fatigue_level_names": [
    "Mild",
    "Moderate",
    "High",
    "Critical"
  ]
}