{
  "user_id": "aIxt7rVo8JPl7CKHWwBNghHqDw72",
  "feature_names": [
    "mean_hr_bpm",
    "hr_std_bpm",
    "hr_min_bpm",
    "hr_max_bpm",
    "hr_range_bpm",
    "hr_slope_bpm_per_s",
    "nn_quality_ratio",
    "sdnn_ms",
    "rmssd_ms",
    "pnn50_pct",
    "mean_nn_ms",
    "cv_nn",
    "lf_power_ms2",
    "hf_power_ms2",
    "lf_hf_ratio",
    "total_power_ms2",
    "spo2_mean_pct",
    "spo2_min_pct",
    "spo2_std_pct",
    "accel_x_mean",
    "accel_y_mean",
    "accel_z_mean",
    "accel_x_var",
    "accel_y_var",
    "accel_z_var",
    "accel_mag_mean",
    "accel_mag_var",
    "accel_peak",
    "total_steps",
    "cadence_spm"
  ],
  "mean": [
    121.74159545454545,
    18.49642922077922,
    90.33039935064934,
    148.90101558441557,
    58.570628571428585,
    -0.0064974025974025825,
    0.507,
    86.0838525974026,
    114.5223116883117,
    44.616215584415585,
    522.4465974025974,
    0.15971883116883118,
    1778.9593922077922,
    4834.261933766233,
    0.5369571428571428,
    6613.2213253246755,
    84.69155324675324,
    66.4928538961039,
    4.375912337662338,
    0.11192727272727265,
    -8.834340259740259,
    0.38061428571428574,
    41.077683116883115,
    89.46618311688312,
    21.257609090909092,
    13.440695454545457,
    59.806379870129874,
    46.671288311688315,
    129.33766233766235,
    131.5237025974026
  ],
  "std": [
    20.84503468638677,
    5.230880764528817,
    15.536764833650809,
    13.12655610787284,
    8.38464699487487,
    0.507767476816637,
    0.09705813159695023,
    34.56679988407764,
    49.6344257117208,
    21.326360142556368,
    90.03814412180947,
    0.0513996522923715,
    1951.6935939362575,
    4381.5077868503295,
    0.48027648177116283,
    5590.685640890761,
    1.5852778021192553,
    10.305059162921676,
    2.1684335770538454,
    1.7776717456718758,
    2.2573535041425985,
    2.218858827334464,
    14.447620606004284,
    39.33166889120823,
    8.36107790378514,
    1.6507275677807305,
    26.30380236976855,
    18.169372075212884,
    21.767430925141106,
    23.43543688500179
  ],
  "num_classes": 2,
  "fatigue_thresholds": {
    "mild_max": 0.25,
    "moderate_max": 0.5,
    "high_max": 0.75
  },
  "fatigue_level_names": [
    "Mild",
    "Moderate",
    "High",
    "Critical"
  ]
}