{
  "user_id": "user_01",
  "feature_names": [
    "mean_hr_bpm",
    "hr_std_bpm",
    "hr_min_bpm",
    "hr_max_bpm",
    "hr_range_bpm",
    "hr_slope_bpm_per_s",
    "nn_quality_ratio",
    "sdnn_ms",
    "rmssd_ms",
    "pnn50_pct",
    "mean_nn_ms",
    "cv_nn",
    "lf_power_ms2",
    "hf_power_ms2",
    "lf_hf_ratio",
    "total_power_ms2",
    "spo2_mean_pct",
    "spo2_min_pct",
    "spo2_std_pct",
    "accel_x_mean",
    "accel_y_mean",
    "accel_z_mean",
    "accel_x_var",
    "accel_y_var",
    "accel_z_var",
    "accel_mag_mean",
    "accel_mag_var",
    "accel_peak",
    "total_steps",
    "cadence_spm"
  ],
  "mean": [
    120.82820535455862,
    12.22529565846599,
    90.66716989869755,
    145.526717366136,
    54.8595493487699,
    0.009293632416787264,
    0.7884694645441389,
    55.70156020260492,
    78.01797322720695,
    34.57256454413893,
    521.7193104196816,
    0.1071234442836469,
    904.8135248914616,
    2114.9707419681617,
    0.5860465991316932,
    3019.7842662807525,
    85.16147843704775,
    58.870253256150505,
    6.807980463096961,
    -3.492820694645441,
    -3.9147081041968166,
    3.815627785817656,
    5.763625470332851,
    5.833745586107091,
    4.926859623733719,
    9.765902749638206,
    0.6805732272069465,
    19.59413444283647,
    49.826338639652676,
    51.22283892908828
  ],
  "std": [
    22.319498853087012,
    4.039869925784797,
    15.727049374756408,
    21.597890947526157,
    11.502951686079642,
    0.3948089465450908,
    0.17121397655571252,
    22.663422189762017,
    30.390109612295166,
    14.273437476159991,
    105.53740531698897,
    0.03717360570646059,
    1538.243245929463,
    3823.773819320482,
    0.7806054219296916,
    4764.457619040251,
    3.883177813188625,
    10.090286849371784,
    2.6115421342784795,
    4.1145142110460915,
    3.235635688657987,
    3.1722466144431287,
    8.109865527927015,
    6.085378707689206,
    5.925330717832759,
    0.1275133253430858,
    0.9567237214785689,
    10.23642148843038,
    30.06907534002802,
    31.079656048464532
  ]
}