{
  "user_id": "O5TAdFVwJZQAwF8dYx3xPzGtGJ22",
  "mean": [
    91.81581381578947,
    11.12352302631579,
    74.68599868421053,
    121.61139210526318,
    46.92539802631579,
    -0.006448026315789474,
    0.7768934210526317,
    69.26858289473684,
    92.51202039473685,
    31.831424999999996,
    675.8276690789473,
    0.10695855263157894,
    1261.1560664473684,
    3310.887942763158,
    0.3277480263157895,
    4572.044013815789,
    82.47785328947369,
    65.18276315789473,
    5.611952631578947,
    1.3666717105263158,
    -9.587232894736841,
    -0.8511743421052633,
    94.7981572368421,
    164.16691710526317,
    47.46739144736842,
    16.899812500000003,
    115.88589144736842,
    51.157072368421055,
    135.73684210526315,
    137.82486118421056
  ],
  "std": [
    14.760768017785352,
    6.5210297587524915,
    7.577162856093396,
    15.350760989346519,
    11.165235453597584,
    0.29107263968819186,
    0.15360819291431582,
    28.949503857135664,
    34.38804828937921,
    13.083051500853317,
    76.06527255666522,
    0.05523399678220565,
    2133.9166555334355,
    3844.3127152284983,
    0.46186944426833015,
    5182.479170763735,
    7.018826257325045,
    12.720581734006405,
    3.4247902777885804,
    1.5206356570967012,
    2.1357425469098783,
    2.363288113699815,
    45.2026142068069,
    89.32024178457371,
    12.619912801855644,
    3.45095382557132,
    50.7221437755869,
    10.576167951990465,
    19.67891499272403,
    21.44683998243665
  ]
}