{
  "user_id": "O5TAdFVwJZQAwF8dYx3xPzGtGJ22",
  "feature_names": [
    "mean_hr_bpm",
    "hr_std_bpm",
    "hr_min_bpm",
    "hr_max_bpm",
    "hr_range_bpm",
    "hr_slope_bpm_per_s",
    "nn_quality_ratio",
    "sdnn_ms",
    "rmssd_ms",
    "pnn50_pct",
    "mean_nn_ms",
    "cv_nn",
    "lf_power_ms2",
    "hf_power_ms2",
    "lf_hf_ratio",
    "total_power_ms2",
    "spo2_mean_pct",
    "spo2_min_pct",
    "spo2_std_pct",
    "accel_x_mean",
    "accel_y_mean",
    "accel_z_mean",
    "accel_x_var",
    "accel_y_var",
    "accel_z_var",
    "accel_mag_mean",
    "accel_mag_var",
    "accel_peak",
    "total_steps",
    "cadence_spm"
  ],
  "mean": [
    91.77233921568626,
    11.111208823529411,
    74.64416339869281,
    121.54988725490199,
    46.90572614379085,
    -0.008558546445805858,
    0.7760745098039216,
    69.37558594771242,
    92.65090163398692,
    31.973819934640524,
    676.143741503268,
    0.10702679738562092,
    1258.2309990196077,
    3319.2080098039214,
    0.3261954248366013,
    4573.1534039215685,
    82.46013954248366,
    65.10400490196078,
    5.618424183006535,
    1.3340641070412056,
    -9.571952006229731,
    -0.8537947553918261,
    94.33734926189346,
    163.1094858039098,
    47.20767492269953,
    16.856286928104577,
    115.10992483660131,
    50.97513725490196,
    135.60176732026144,
    137.66522091503268
  ],
  "std": [
    14.72644888215054,
    6.500967340524732,
    7.615971083819539,
    15.354534060333307,
    11.132338782481602,
    0.2901357556149442,
    0.15374114950004864,
    28.879999399407367,
    34.32451609591683,
    13.153619520830972,
    75.95200036827231,
    0.055072289399278676,
    2127.2495025721782,
    3837.082705900023,
    0.46128362893011626,
    5169.613584784429,
    6.9996831667213435,
    12.699560183329526,
    3.415961816181683,
    1.5794892989609641,
    2.1386264463121196,
    2.358626726605281,
    45.494362697420314,
    89.93038900088047,
    12.93544066725678,
    3.4850108814674847,
    51.42762401476173,
    10.823695690483019,
    19.69195309713709,
    21.464409427097507
  ],
  "num_classes": 2,
  "fatigue_thresholds": {
    "mild_max": 0.25,
    "moderate_max": 0.5,
    "high_max": 0.75
  },
  "fatigue_level_names": [
    "Mild",
    "Moderate",
    "High",
    "Critical"
  ]
}