{
  "user_id": "3bOqVHlWTih2qXxHCAhgX7hvfHV2",
  "mean": [
    134.70455167785235,
    19.35236644295302,
    96.728122147651,
    159.04433557046983,
    62.31621208053689,
    0.02763557046979866,
    0.5996322147651008,
    75.53239530201343,
    101.52359798657719,
    42.08687718120805,
    465.5622993288591,
    0.1585208053691275,
    1656.0477496644298,
    3325.182800671141,
    0.6581751677852348,
    4981.230550335571,
    82.8320966442953,
    63.762981879194626,
    4.652134228187919,
    -2.6782704697986577,
    -6.509971140939597,
    0.47096308724832225,
    63.75949798657718,
    90.61051342281878,
    47.13949932885907,
    14.010939597315437,
    71.47925637583892,
    58.90838590604027,
    124.6241610738255,
    126.47159395973154
  ],
  "std": [
    17.08849001634154,
    4.876947909587887,
    11.791985253215842,
    9.856722863620101,
    8.408438238822695,
    0.4705713139221509,
    0.15993275024144618,
    28.20670676718056,
    40.255025142338,
    17.250726319560147,
    67.2536738947632,
    0.0458230932594194,
    1505.9557350301586,
    2942.6948463297053,
    0.5526506533836493,
    3872.962922265995,
    2.1616868859934346,
    9.541040741354955,
    1.369589012118972,
    1.8519874271357533,
    2.4841902590435554,
    4.445737168206379,
    37.62427657746409,
    79.2874523043145,
    24.969451188297366,
    3.5866515935337926,
    58.693573674975475,
    19.279907107966437,
    24.490643744246743,
    25.879535055215435
  ]
}