{
  "user_id": "WDNOXs2Qx2bUJei2zsyJwdtOWUx1",
  "mean": [
    138.47882248322148,
    12.056556040268458,
    107.64995503355706,
    163.15076778523488,
    55.500812751677856,
    0.001690379984673855,
    0.8860127516778523,
    39.94658322147651,
    60.72579362416108,
    28.71712684563758,
    440.89071241610736,
    0.09013020134228189,
    248.624460738255,
    529.2598996644296,
    0.5294208053691275,
    777.3532083892618,
    83.56332315436242,
    52.55563523489933,
    7.640195637583893,
    1.3636485591987721,
    -6.685865484845474,
    4.1694233091302495,
    40.431914824811756,
    96.66349641386275,
    21.69962837272842,
    13.461551677852349,
    63.879451006711406,
    46.40057281879195,
    133.10631744966443,
    135.13707147651007
  ],
  "std": [
    12.847478996528443,
    2.183152711775636,
    9.874930502070873,
    8.94650248284806,
    8.038642907239122,
    0.1579104574584303,
    0.0919056521537027,
    11.760133869700443,
    14.137420242130823,
    10.448722009362855,
    44.52878350989941,
    0.019710986289284815,
    470.74877566210984,
    693.9394245681822,
    0.5040842580010331,
    1050.1070780839757,
    3.2941618497858727,
    4.433564351314688,
    1.0957627274706214,
    2.785251674693267,
    3.9717900910156683,
    2.8501551038274746,
    25.37954980042791,
    74.6591817788293,
    11.633382067081788,
    3.0688630789916083,
    49.4862208311161,
    14.383512449367394,
    26.268869793179867,
    27.816237011579904
  ]
}