{
  "user_id": "0PYtcwWGWBffuyFwU0tNAoHvi4q2",
  "mean": [
    96.49684285714287,
    16.340737662337663,
    73.00172272727272,
    127.11783961038961,
    54.116127922077915,
    0.006153896103896104,
    0.5319142857142857,
    105.02520194805196,
    143.0636051948052,
    64.72117272727273,
    644.3730701298701,
    0.16370064935064935,
    2930.127888961039,
    7791.940512337662,
    0.4782090909090909,
    10722.0683987013,
    80.5230590909091,
    58.550783116883125,
    6.8572974025974025,
    -5.888616233766234,
    -6.1833259740259745,
    1.1868084415584412,
    55.04961428571429,
    48.725067532467534,
    19.560864935064934,
    13.386120779220779,
    29.6837064935065,
    41.891670129870135,
    102.75974025974025,
    104.51010974025974
  ],
  "std": [
    8.516963859452979,
    2.812051470430046,
    4.948756043202456,
    9.0396592006961,
    5.318427744228926,
    0.34426810794373336,
    0.0984999304031473,
    13.92906242164795,
    17.88042950656733,
    8.486892798617774,
    55.016476220931565,
    0.02227538533417853,
    2101.058980418107,
    4585.493487787395,
    0.4267947376657467,
    5586.264503064548,
    2.6747969691032343,
    7.344688080907103,
    1.5157636343401495,
    2.60570984828276,
    2.1194124530040694,
    2.184883536227227,
    25.18210298187318,
    34.112430304389086,
    8.801957889432435,
    2.19928198825297,
    19.88485053802111,
    17.573709618894856,
    20.194204901922895,
    21.504754404382933
  ]
}