{
  "user_id": "U28NHMzc9XganvIUukzuUQWRyBA3",
  "mean": [
    129.99447662337658,
    18.64900519480519,
    91.13457727272728,
    155.37284805194804,
    64.23827142857142,
    0.019216883116883115,
    0.6448616883116883,
    77.20571623376624,
    109.7597116883117,
    49.07431103896103,
    481.3943324675324,
    0.15936428571428574,
    1459.8458649350648,
    3955.1894032467535,
    0.4768714285714286,
    5415.035271428571,
    83.18176883116882,
    56.85938181818181,
    7.352482467532468,
    -1.567975974025974,
    -6.0262344155844145,
    4.147694805194805,
    22.970677922077925,
    55.35920259740259,
    13.780674675324676,
    11.712600649350648,
    35.69490129870129,
    41.166046753246754,
    113.00649350649351,
    114.75843831168832
  ],
  "std": [
    15.9557342881404,
    4.026639539058031,
    9.39766098800082,
    13.653784425953788,
    7.326027215202315,
    0.49369856172043936,
    0.1552148290035593,
    22.090621803579058,
    33.1704594508661,
    14.700854352783761,
    68.92435783703594,
    0.03666625838165895,
    1205.683817974847,
    3124.582216082755,
    0.4164717796077515,
    3781.1437125982816,
    3.3138656301188574,
    8.751798375713987,
    2.252021039818128,
    3.265696332282365,
    3.3607824765751393,
    3.1990310308289884,
    20.162014424552826,
    78.55116388535245,
    12.610236621056481,
    2.720555220249747,
    53.47075470052788,
    19.42704590336165,
    16.69882053275089,
    18.522018941190453
  ]
}