{
  "user_id": "e0rdD7a6FaORpIxqylxDU8g7oom1",
  "mean": [
    147.55630974025974,
    16.657179220779224,
    103.52122727272727,
    164.2320448051948,
    60.710822727272735,
    0.02182012987012986,
    0.6342149350649351,
    57.21679350649351,
    76.89844935064934,
    29.408570779220778,
    420.15418376623376,
    0.13457467532467532,
    1075.6268805194807,
    2412.3294298701303,
    0.5693818181818181,
    3487.9563097402593,
    87.48583051948053,
    63.96814805194804,
    5.502642207792207,
    -1.5099246753246753,
    -9.821472727272727,
    0.2624207792207792,
    60.42912532467532,
    203.25219025974025,
    25.030542857142855,
    15.941893506493505,
    134.49940844155844,
    58.724307142857135,
    140.19480519480518,
    142.5854538961039
  ],
  "std": [
    16.115330718289346,
    3.723083475255969,
    11.385679966709109,
    11.482828896678514,
    7.09892789196106,
    0.3641820463813073,
    0.13580485368144007,
    18.767353229023662,
    30.12423210297315,
    16.193581736108175,
    62.57840159100939,
    0.034666418800145093,
    1598.5802219248242,
    2564.5226393336134,
    0.670777538021047,
    3568.080610867631,
    4.316240583462454,
    10.247546836189567,
    2.6785981904134175,
    1.0462496790678455,
    1.8069611413279436,
    1.5365660472268354,
    22.682747327204726,
    75.88574702578303,
    8.56524005402641,
    2.3663174268814884,
    44.897162769353095,
    10.971311136500962,
    18.073830519216884,
    20.01141596050372
  ]
}