{
  "user_id": "1REuusvMDGaNg0idnHJR0k5vkKy2",
  "feature_names": [
    "mean_hr_bpm",
    "hr_std_bpm",
    "hr_min_bpm",
    "hr_max_bpm",
    "hr_range_bpm",
    "hr_slope_bpm_per_s",
    "nn_quality_ratio",
    "sdnn_ms",
    "rmssd_ms",
    "pnn50_pct",
    "mean_nn_ms",
    "cv_nn",
    "lf_power_ms2",
    "hf_power_ms2",
    "lf_hf_ratio",
    "total_power_ms2",
    "spo2_mean_pct",
    "spo2_min_pct",
    "spo2_std_pct",
    "accel_x_mean",
    "accel_y_mean",
    "accel_z_mean",
    "accel_x_var",
    "accel_y_var",
    "accel_z_var",
    "accel_mag_mean",
    "accel_mag_var",
    "accel_peak",
    "total_steps",
    "cadence_spm"
  ],
  "mean": [
    94.27947019999999,
    15.718344399999998,
    70.86686660000001,
    122.5645386,
    51.6976774,
    -0.0020378019445018566,
    0.5136888000000001,
    108.8672102,
    149.3521906,
    64.423913,
    667.6017648,
    0.164037,
    2838.8159135999995,
    9508.506089200002,
    0.4453972,
    12343.766129000001,
    83.1301804,
    62.0231688,
    5.9087444,
    -6.004435623260043,
    -6.310932723117878,
    0.36567155147270625,
    24.490714407682216,
    31.486288979798854,
    18.551015961101818,
    11.7495066,
    24.3738842,
    47.3823186,
    105.2960312,
    107.023233
  ],
  "std": [
    14.035885202286744,
    2.9818715489954695,
    7.7390928931771095,
    12.537945795203058,
    5.8293881372258305,
    0.39442750685736144,
    0.13247484513884136,
    18.171120068384226,
    28.068499960720587,
    10.739206310992028,
    88.60623105487831,
    0.02498793971098858,
    2274.5082615516694,
    6318.76130054329,
    0.523084357969305,
    7217.356194035155,
    3.7428966615945782,
    9.814287666549546,
    1.8969563389357806,
    2.5096610808735482,
    1.8179357321872662,
    2.1845149708891265,
    17.347003096944196,
    30.49466837096545,
    16.452386912755944,
    1.6283273872708892,
    27.214318006831817,
    24.439961872324474,
    20.69195568597194,
    22.115466292352306
  ],
  "num_classes": 2,
  "fatigue_thresholds": {
    "mild_max": 0.25,
    "moderate_max": 0.5,
    "high_max": 0.75
  },
  "fatigue_level_names": [
    "Mild",
    "Moderate",
    "High",
    "Critical"
  ]
}