{
  "user_id": "50r5pP32jcYs5kzA5zQEWjCEP7l2",
  "mean": [
    113.65627987012986,
    19.563309740259744,
    83.91640714285715,
    144.78555649350648,
    60.86916558441559,
    0.006979220779220769,
    0.41734350649350654,
    94.29424480519481,
    129.62908896103895,
    53.18352467532468,
    555.758474025974,
    0.17175324675324677,
    2418.089991558442,
    4827.301795454546,
    0.7209162337662338,
    7245.391787662337,
    85.05077142857142,
    62.21973311688311,
    5.449351948051948,
    -4.9842818181818185,
    -6.225743506493505,
    4.1579525974025975,
    9.88954090909091,
    13.722027272727273,
    5.623941558441558,
    10.278335714285713,
    8.738057792207792,
    34.35587337662338,
    108.21428571428571,
    110.18918961038962
  ],
  "std": [
    17.153329198723775,
    4.688421020384757,
    6.837797644226577,
    12.68006054439295,
    7.303564971961277,
    0.7105040963055212,
    0.12585466671188258,
    18.561774201096,
    30.827027168850293,
    13.237526704241054,
    75.13467259095653,
    0.035976146803253437,
    1975.5329929901357,
    3222.291101801782,
    0.9522731556901902,
    4080.9595355158017,
    3.896041459513567,
    10.218874635305255,
    1.7457122946645471,
    1.450750923221441,
    1.1496802910151775,
    1.0434816035938095,
    8.026292984000445,
    14.178047341821035,
    2.8444564446789293,
    0.5099591382508297,
    11.0288660306982,
    12.99757041385014,
    17.397180054262968,
    19.176137778120925
  ]
}