{
  "user_id": "rrFAWC3cSyWNOzFjFtQAmAD6qHh1",
  "mean": [
    105.22802973856209,
    18.426195098039216,
    78.3684385620915,
    136.1074428104575,
    57.739012745098044,
    -0.05213783447865147,
    0.5012950980392157,
    102.30261568627449,
    136.10672222222223,
    59.43724575163399,
    599.2135526143792,
    0.1722950980392157,
    2635.1011986928106,
    6351.301806862744,
    0.5211222222222222,
    8983.7448,
    75.72716470588234,
    51.06606241830066,
    10.152951960784312,
    -4.751453577418916,
    -5.586576940774374,
    3.3346638859477764,
    56.04284090106596,
    88.43143850135107,
    36.75650389778895,
    13.304275490196078,
    76.9972591503268,
    62.961527450980405,
    116.11693398692809,
    118.03533398692811
  ],
  "std": [
    15.371802647161001,
    4.007747458745441,
    7.515767380109076,
    12.918384469311869,
    6.421451800077605,
    0.5807090492595598,
    0.10982038697014064,
    16.978233654829623,
    25.37985150451576,
    10.905747740038034,
    76.47422512413664,
    0.029501359370865447,
    1985.759785263004,
    4054.0308319884693,
    0.48587462471720144,
    5113.883513360238,
    4.864623329169694,
    2.6503562565178727,
    2.531350392631161,
    2.306506826015465,
    2.703397855371672,
    1.2541882721099475,
    32.99479602209128,
    64.05224706471336,
    23.572767899378636,
    2.4770625915595765,
    59.499119212658556,
    17.755495059253658,
    17.158666039670344,
    18.886879153522425
  ],
  "feature_names": [
    "mean_hr_bpm",
    "hr_std_bpm",
    "hr_min_bpm",
    "hr_max_bpm",
    "hr_range_bpm",
    "hr_slope_bpm_per_s",
    "nn_quality_ratio",
    "sdnn_ms",
    "rmssd_ms",
    "pnn50_pct",
    "mean_nn_ms",
    "cv_nn",
    "lf_power_ms2",
    "hf_power_ms2",
    "lf_hf_ratio",
    "total_power_ms2",
    "spo2_mean_pct",
    "spo2_min_pct",
    "spo2_std_pct",
    "accel_x_mean",
    "accel_y_mean",
    "accel_z_mean",
    "accel_x_var",
    "accel_y_var",
    "accel_z_var",
    "accel_mag_mean",
    "accel_mag_var",
    "accel_peak",
    "total_steps",
    "cadence_spm"
  ],
  "num_classes": 2,
  "fatigue_thresholds": {
    "mild_max": 0.25,
    "moderate_max": 0.5,
    "high_max": 0.75
  },
  "fatigue_level_names": [
    "Mild",
    "Moderate",
    "High",
    "Critical"
  ]
}