{
  "user_id": "wqCF0ZOT3Gc8xccZOFSLLT2OQcv2",
  "mean": [
    116.63596470588237,
    17.982581045751633,
    84.27320784313726,
    142.73918888888886,
    58.465997385620916,
    -0.01212614379084968,
    0.5110633986928105,
    89.11280261437908,
    120.35206470588236,
    51.660734640522875,
    539.7621888888889,
    0.16380130718954247,
    2215.7206699346402,
    5608.422901960785,
    0.5533712418300654,
    7824.143577124182,
    84.20821437908496,
    54.367189542483665,
    8.000841176470589,
    -0.9709764705882352,
    -4.627067320261437,
    6.934653594771241,
    8.082862745098039,
    9.353707843137254,
    7.400383660130718,
    9.865359477124183,
    3.9074934640522874,
    29.58768496732026,
    106.19607843137256,
    107.94595751633987
  ],
  "std": [
    16.826455166632755,
    3.753221425433563,
    9.630190687715823,
    13.403701099755093,
    6.602400137194592,
    0.7580100347492469,
    0.19213246681426635,
    24.925854165813817,
    32.47850416846265,
    13.87311213006567,
    77.93428516432496,
    0.036732055753250226,
    2001.6448377288436,
    4384.242370692947,
    0.5373986054445545,
    5272.546561676815,
    3.69228962203615,
    6.4813043738957505,
    1.8258878702813177,
    1.6028292858088058,
    1.4024485870520143,
    1.235809950806847,
    6.314401294259967,
    8.162698989497354,
    7.047499014455597,
    0.3305906129801272,
    6.205448323775023,
    13.955744522600751,
    21.744823987381793,
    22.913196274167465
  ]
}