{
  "user_id": "22mUnbeqOWMrWxXI4Ra6S47eoEL2",
  "mean": [
    115.93327216981132,
    10.906840566037733,
    89.9380820754717,
    144.56363349056602,
    54.62555141509434,
    0.01194009433962264,
    0.8730853773584906,
    51.62354952830189,
    75.80323396226413,
    35.11163396226415,
    536.7869311320754,
    0.09533584905660376,
    505.55787452830185,
    1464.3893608490564,
    0.4562641509433962,
    1969.947232075471,
    83.2267245283019,
    54.726669811320754,
    8.184150471698112,
    -1.7033688679245282,
    -5.3348905660377355,
    2.1937165094339623,
    6.35343396226415,
    4.696131603773584,
    5.451875471698114,
    9.818558490566035,
    0.7277938679245284,
    21.903899528301885,
    50.10849056603774,
    50.96298820754717
  ],
  "std": [
    18.862808684097327,
    2.522282745970116,
    14.925038755641962,
    20.119793362684742,
    10.033608169027406,
    0.17900252856333224,
    0.0761623986322886,
    17.26302732761305,
    22.55346085836891,
    12.017356799790427,
    88.51703667875996,
    0.023225785478031863,
    714.3429959438339,
    1906.4711078259788,
    0.38541981452933405,
    2385.713247795497,
    3.3905867499624613,
    7.960228866627432,
    2.604029152926716,
    4.596081504798167,
    1.3415742233651455,
    4.642348253691034,
    6.755355765625326,
    4.8767155920889875,
    6.341234736698193,
    0.13989788079364104,
    0.829455498260439,
    11.429310336146823,
    29.147033306183975,
    29.682858961136148
  ]
}