{
  "user_id": "sniRUheYwQRp76jjzjyPi95S8IB3",
  "mean": [
    120.43541818181819,
    17.58973538961039,
    86.77375454545455,
    146.36987987012986,
    59.5961288961039,
    0.05873869660159996,
    0.5467097402597402,
    83.55566948051948,
    116.05468084415585,
    49.56465032467533,
    529.8931448051948,
    0.1566064935064935,
    1712.2693214285719,
    4466.889038961039,
    0.5425681818181818,
    6173.21868051948,
    81.09883701298702,
    54.64542175324675,
    7.247347402597403,
    -3.1440423273117335,
    -6.853699405719819,
    2.368536255656001,
    51.20036094746741,
    124.45018388642201,
    33.03861327491119,
    14.036730194805195,
    94.45278344155845,
    46.103024675324676,
    124.64828441558441,
    126.60426233766235
  ],
  "std": [
    22.855594585549944,
    3.842633713963528,
    13.503296781359223,
    16.369452243352157,
    7.803303099514896,
    0.576933929469937,
    0.10218424553226133,
    23.79979696102504,
    38.40647601299901,
    20.94298995504332,
    101.99583947887417,
    0.03563311456971267,
    1607.9360152111767,
    3235.297433975471,
    0.5439271164536452,
    4014.4532107202012,
    4.156086503925365,
    7.672600929040459,
    2.018667235533863,
    3.447706350239524,
    3.3066614020200467,
    2.655615814613089,
    33.96567762274826,
    116.01829327019715,
    19.375235283186914,
    3.1101009148915173,
    86.24193188187334,
    19.273228586815726,
    22.6042584879706,
    24.16184177517479
  ]
}