{
  "user_id": "e0rdD7a6FaORpIxqylxDU8g7oom1",
  "mean": [
    147.56691396103898,
    16.64777987012987,
    103.52857142857144,
    164.19804025974028,
    60.669471428571434,
    0.022462314425878604,
    0.6345811688311688,
    57.22158928571428,
    76.88690292207792,
    29.400931168831164,
    420.1928957792208,
    0.13463506493506494,
    1073.3392626623377,
    2414.523973701299,
    0.5692883116883117,
    3485.1356792207794,
    87.48561006493507,
    63.9942922077922,
    5.503085714285715,
    -1.5120390772911614,
    -9.821053735440112,
    0.2625971749577711,
    60.42183362787397,
    203.27667499327612,
    25.032382701445645,
    15.94036590909091,
    134.47358603896103,
    58.71531266233766,
    140.1902633116883,
    142.60737922077922
  ],
  "std": [
    16.12918805677092,
    3.7217304366606423,
    11.398594754223078,
    11.516486825366218,
    7.134061548115531,
    0.3645479873668816,
    0.13569140900055507,
    18.80860233451969,
    30.142835811221072,
    16.1985582355345,
    62.61721609617658,
    0.034642981584265105,
    1599.6218498627484,
    2563.9840889903044,
    0.6710785511000186,
    3567.9004561636316,
    4.314626651226804,
    10.226970166942099,
    2.677408172893412,
    1.0433085730109264,
    1.8096944686177785,
    1.5381665844257046,
    22.720526169217003,
    75.94256027066513,
    8.582016666946867,
    2.365069623499517,
    44.93272198498876,
    10.957645197499676,
    18.06238508491153,
    20.046844047322885
  ]
}