{
  "user_id": "sniRUheYwQRp76jjzjyPi95S8IB3",
  "mean": [
    120.4397551948052,
    17.59407207792208,
    86.79233311688311,
    146.3497233766234,
    59.55739740259742,
    0.05804935064935064,
    0.5467844155844155,
    83.52208831168831,
    116.0286811688312,
    49.58757987012987,
    529.7744545454545,
    0.15666298701298703,
    1713.465742857143,
    4465.390043506494,
    0.5423201298701299,
    6178.8557902597395,
    81.09074155844156,
    54.61663376623376,
    7.245761038961037,
    -3.1466935064935067,
    -6.854062987012988,
    2.3665928571428574,
    51.19855064935065,
    124.4756603896104,
    33.017461688311684,
    14.030537662337663,
    94.53799220779221,
    46.12100454545455,
    124.66883116883118,
    126.58171948051948
  ],
  "std": [
    22.87474639863126,
    3.842420343368155,
    13.498783574374373,
    16.38636766597523,
    7.796684578982858,
    0.577319040883904,
    0.10209997209882349,
    23.813452027119364,
    38.38266538309643,
    20.95091954059017,
    101.76396332110069,
    0.0356659737282868,
    1607.0698785641416,
    3230.479567865144,
    0.5446201849853617,
    4013.5076316891564,
    4.149806865944069,
    7.698662700293203,
    2.01825463056739,
    3.45006988648725,
    3.3055913123493337,
    2.654729742551573,
    33.95005210461592,
    116.09388229674038,
    19.35939562881581,
    3.1073904078861903,
    86.31282319492799,
    19.26733884932866,
    22.586645633459963,
    24.16090614744932
  ]
}