{
  "user_id": "oIrIvY9oZBW0ReTkEPBI5AE5kNC2",
  "mean": [
    130.96205986842105,
    17.126999780701755,
    93.9465951754386,
    154.39484736842107,
    60.44825504385965,
    0.031968201754385965,
    0.5558208333333333,
    72.01377982456141,
    99.53967434210526,
    41.737484649122806,
    489.2332572368421,
    0.1448754385964912,
    1381.3512449561404,
    3611.464260745614,
    0.49161052631578944,
    4992.815506578948,
    83.36615153508772,
    56.32271820175439,
    7.431777631578947,
    0.13549057017543858,
    -10.289025657894738,
    -0.040182236842105284,
    71.29206162280701,
    189.11995,
    18.960758552631575,
    16.303205701754386,
    123.84538596491228,
    57.642074780701755,
    127.65350877192982,
    129.58284144736842
  ],
  "std": [
    25.190753864891963,
    5.087863884242903,
    15.158164595569618,
    17.86655035716165,
    9.233048455078865,
    0.5774881335245587,
    0.2153257669293007,
    28.126448831224927,
    38.90714666611657,
    20.669719690597606,
    111.00788102170051,
    0.043988308975931534,
    1472.3727981991974,
    3225.881067209314,
    0.5180751709780479,
    4130.953237222995,
    4.414735229548334,
    9.470273809096126,
    2.2181035750162015,
    1.919387046318006,
    2.793241274813141,
    2.382170629570983,
    47.36414715963035,
    89.56028888482416,
    11.674241766270695,
    3.5746148604544135,
    57.853129737857515,
    16.072968029787745,
    22.663405389059925,
    24.01490551681496
  ]
}